case,problem,cores,single_makespan,makespan,pick_makespan,speedup,added_copy_bytes,spill_added_copy_bytes,cache_hit_rate,subgraphs,predicted,params,solve_seconds,eval_seconds
case_001,1,1,233110,233110,233110,1.0,0,0,,1,233107.73333333334,"('A', 0.25, 16, 2.0)",0.9,0.0
case_001,1,2,233110,116868,116868,1.9946,1152,0,,2,116795.2,"('A', 0.25, 16, 2.0)",1.0,0.6
case_001,1,3,233110,78545,78545,2.9679,2304,0,,3,78383.2,"('A', 0.25, 16, 2.0)",1.1,0.8
case_001,1,4,233110,58984,58984,3.9521,3456,0,,4,58770.13333333334,"('A', 0.25, 16, 2.0)",1.0,0.7
case_001,1,5,233110,47502,47502,4.9074,4608,0,,5,47217.6,"('A', 0.25, 16, 2.0)",1.1,0.7
case_001,2,1,233110,233110,233110,1.0,0,0,,40,233107.73333333334,"('B', 0.1, 16, 8.0)",0.7,0.6
case_001,2,2,233110,116868,116868,1.9946,1152,0,,100,116795.2,"('B', 0.1, 16, 8.0)",0.7,0.6
case_001,2,3,233110,78545,78545,2.9679,2304,0,,200,78383.2,"('B', 0.1, 16, 8.0)",0.9,0.6
case_001,2,4,233110,58984,58984,3.9521,3456,0,,200,58770.13333333334,"('B', 0.1, 16, 8.0)",0.7,0.7
case_001,2,5,233110,47502,47502,4.9074,4608,0,,200,47217.6,"('B', 0.1, 16, 8.0)",0.9,0.6
case_001,3,1,233110,233110,233110,1.0,0,0,0.0,40,233107.73333333334,"('C', 0.1, 64, 4.0)",1.2,0.7
case_001,3,2,233110,116868,116868,1.9946,1152,0,0.0,100,116795.2,"('C', 0.1, 64, 4.0)",0.6,0.5
case_001,3,3,233110,78545,78545,2.9679,2304,0,0.0,200,78383.2,"('C', 0.1, 64, 4.0)",0.6,0.6
case_001,3,4,233110,58984,58984,3.9521,3456,0,0.0,200,58770.13333333334,"('C', 0.1, 64, 4.0)",0.8,0.4
case_001,3,5,233110,47502,47502,4.9074,4608,0,0.0,200,47217.6,"('C', 0.1, 64, 4.0)",1.3,0.6
case_002,1,1,261945,261945,261945,1.0,0,0,,1,261944.0,"('A', 1.0, 16, 2.0)",1.6,0.0
case_002,1,2,261945,139717,139717,1.8748,1476096,0,,6,138078.4,"('A', 1.0, 64, 8.0)",1.3,2.0
case_002,1,3,261945,93924,93924,2.7889,407040,0,,4,94053.60000000002,"('A', 0.25, 16, 2.0)",1.3,1.7
case_002,1,4,261945,75482,75482,3.4703,591360,0,,10,73820.80000000002,"('A', 0.25, 16, 2.0)",1.5,1.8
case_002,1,5,261945,64123,64123,4.085,1227264,0,,26,60581.6,"('A', 0.1, 16, 2.0, 4)",2.0,1.3
case_002,2,1,261945,261945,261945,1.0,0,0,,1,261944.0,"('B', 1.0, 64, 0.0)",1.4,0.9
case_002,2,2,261945,136708,136708,1.9161,486912,0,,121,136885.6,"('B', 1.0, 64, 0.0)",1.3,1.3
case_002,2,3,261945,92423,92423,2.8342,274944,0,,132,92420.8,"('B', 0.1, 16, 1.0)",1.1,1.1
case_002,2,4,261945,71820,71820,3.6472,439296,0,,123,71914.40000000001,"('B', 0.1, 16, 8.0)",1.3,1.0
case_002,2,5,261945,57102,57102,4.5873,635904,0,,294,57127.2,"('B', 0.1, 64, 8.0)",1.8,1.2
case_002,3,1,261945,261945,261945,1.0,0,0,0.0,1,261944.0,"('C', 1.0, 64, 0.0)",1.7,1.3
case_002,3,2,261945,136708,136708,1.9161,486912,0,0.1396702230843841,121,136885.6,"('C', 0.1, 64, 2.0)",2.0,1.4
case_002,3,3,261945,92423,92423,2.8342,274944,0,0.0033821871476888386,132,92420.8,"('C', 0.1, 16, 1.0)",2.1,1.0
case_002,3,4,261945,71820,71820,3.6472,439296,0,0.09146341463414634,123,71534.40000000001,"('C', 0.1, 16, 1.0)",2.4,0.7
case_002,3,5,261945,57102,57490,4.5873,635904,0,0.014354066985645933,294,57127.2,p2_plan,2.3,2.1
case_003,1,1,602212,602212,602212,1.0,0,0,,1,587325.7666666667,"('A', 0.25, 16, 2.0)",12.1,0.0
case_003,1,2,602212,377133,377133,1.5968,6329780,0,,135,354107.36666666646,"('A', 0.1, 16, 2.0, 8)",12.8,14.4
case_003,1,3,602212,294849,294849,2.0424,6831190,0,,243,274464.66666666674,"('A', 1.0, 64, 8.0)",18.1,16.2
case_003,1,4,602212,242434,242434,2.484,7627566,0,,366,217854.0333333333,"('A', 0.25, 16, 2.0, 16)",19.4,18.2
case_003,1,5,602212,225269,225269,2.6733,8300560,0,,453,194570.63333333342,"('A', 0.25, 16, 2.0, 16)",20.6,20.0
case_003,2,1,602212,585855,585855,1.0279,0,0,,43,587325.7666666667,"('B', 0.1, 16, 8.0)",12.1,13.4
case_003,2,2,602212,300776,300776,2.0022,2382918,0,,2504,288241.3,"('B', 1.0, 16, 4.0)",13.4,13.2
case_003,2,3,602212,210551,210551,2.8602,4200012,0,,3215,195632.83333333328,"('B', 0.1, 64, 2.0)",14.0,13.7
case_003,2,4,602212,172957,172957,3.4819,5713426,0,,3559,149410.50000000012,"('B', 0.1, 64, 2.0)",15.0,13.0
case_003,2,5,602212,156285,156285,3.8533,5256152,0,,3365,131032.43333333336,"('B', 1.0, 16, 4.0)",15.2,11.2
case_003,3,1,602212,585855,585855,1.0279,0,0,0.0,43,587325.7666666667,"('C', 0.1, 64, 4.0)",12.2,14.5
case_003,3,2,602212,297415,297415,2.0248,2272390,0,0.1590157213888357,2494,287024.9,"('C', 0.25, 16, 8.0)",13.6,14.1
case_003,3,3,602212,206511,206511,2.9161,3937996,0,0.30432345424888413,3070,193944.1853333334,"('C', 0.1, 64, 4.0)",18.4,14.4
case_003,3,4,602212,166180,166180,3.6239,6115730,0,0.3785765103644757,3533,147665.2173333334,"('C', 0.1, 64, 2.0)",18.1,13.5
case_003,3,5,602212,151373,151373,3.9783,6433112,0,0.3847930658803283,4084,125659.548,"('C', 0.1, 64, 4.0)",18.5,12.1
case_004,1,1,392357,392357,392357,1.0,0,0,,1,392354.8,"('A', 0.25, 16, 2.0)",1.1,0.0
case_004,1,2,392357,199074,199074,1.9709,110592,0,,2,198314.80000000002,"('A', 0.25, 16, 2.0)",1.0,0.7
case_004,1,3,392357,137467,137467,2.8542,221184,0,,3,134810.80000000002,"('A', 0.25, 16, 2.0)",1.0,0.7
case_004,1,4,392357,107612,107612,3.646,331776,0,,4,103058.8,"('A', 0.25, 16, 2.0)",1.6,0.7
case_004,1,5,392357,88393,88393,4.4388,442368,0,,5,84255.59999999999,"('A', 1.0, 16, 0.0)",1.3,0.8
case_004,2,1,392357,392357,392357,1.0,0,0,,56,392354.8,"('B', 0.1, 16, 8.0)",0.8,0.7
case_004,2,2,392357,199074,199074,1.9709,110592,0,,111,198314.80000000002,"('B', 0.1, 16, 8.0)",0.8,0.7
case_004,2,3,392357,137467,137467,2.8542,221184,0,,111,134810.80000000002,"('B', 0.1, 16, 8.0)",0.8,0.6
case_004,2,4,392357,107612,107612,3.646,331776,0,,111,103058.8,"('B', 0.1, 16, 8.0)",0.9,0.7
case_004,2,5,392357,88393,88393,4.4388,442368,0,,111,84255.59999999999,"('B', 1.0, 64, 0.0)",1.2,0.7
case_004,3,1,392357,392357,392357,1.0,0,0,0.0,56,392354.8,"('C', 0.1, 64, 4.0)",1.0,0.5
case_004,3,2,392357,199074,199074,1.9709,110592,0,0.0,111,198314.80000000002,"('C', 0.1, 64, 4.0)",0.7,0.4
case_004,3,3,392357,134043,134043,2.9271,221184,0,0.0,111,133842.80000000002,"('C', 0.1, 16, 1.0)",1.0,0.5
case_004,3,4,392357,104188,104188,3.7659,331776,0,0.0,111,102090.8,"('C', 0.1, 16, 1.0)",0.7,0.8
case_004,3,5,392357,88341,88341,4.4414,442368,0,0.0,111,82356.4,"('C', 0.1, 16, 1.0)",1.2,0.8
case_005,1,1,95618,95618,95618,1.0,0,0,,1,93219.06666666668,"('A', 0.25, 16, 2.0)",5.1,0.0
case_005,1,2,95618,77320,77320,1.2367,2526684,0,,63,73267.90000000005,"('A', 0.25, 16, 2.0, 16)",4.6,3.9
case_005,1,3,95618,69957,69957,1.3668,2500430,0,,99,58379.53333333337,"('A', 0.1, 16, 2.0, 8)",4.8,3.4
case_005,1,4,95618,65775,65775,1.4537,2495960,0,,136,51385.333333333336,"('A', 0.25, 16, 2.0)",5.7,4.0
case_005,1,5,95618,65775,67026,1.4537,2495960,0,,136,51385.333333333336,prev_n4,5.0,4.5
case_005,2,1,95618,93333,93333,1.0245,0,0,,48,93219.06666666668,"('B', 0.1, 16, 8.0)",2.9,2.5
case_005,2,2,95618,48769,48769,1.9606,694694,0,,641,48145.13333333333,"('B', 1.0, 16, 4.0)",3.5,2.5
case_005,2,3,95618,40455,40455,2.3636,1237676,0,,879,38757.13333333333,"('B', 1.0, 16, 4.0)",4.0,2.7
case_005,2,4,95618,36376,36376,2.6286,1354930,0,,879,32987.26666666667,"('B', 1.0, 16, 4.0)",7.1,4.1
case_005,2,5,95618,36376,36376,2.6286,1354930,0,,879,32987.26666666667,prev_n4,6.7,2.9
case_005,3,1,95618,93333,93333,1.0245,0,0,0.0,48,93219.06666666668,"('C', 0.1, 64, 4.0)",5.2,3.2
case_005,3,2,95618,47940,47940,1.9945,828678,0,0.10763533633656562,870,47732.80000000001,"('C', 0.1, 64, 4.0)",4.2,2.8
case_005,3,3,95618,38987,38987,2.4526,1317484,0,0.2225926727154728,1113,36998.46666666667,"('C', 0.1, 64, 4.0)",4.8,3.3
case_005,3,4,95618,34663,34663,2.7585,1363474,0,0.30870192140648345,1110,32075.466666666656,"('C', 0.1, 64, 4.0)",6.2,2.5
case_005,3,5,95618,34663,35150,2.7585,1363474,0,0.30870192140648345,1110,32075.466666666656,prev_n4,6.4,2.5
case_006,1,1,82837,82837,82837,1.0,16400,16400,,1,78931.35302972495,"('A', 0.1, 64, 1.0)",0.8,0.0
case_006,1,2,82837,43310,43310,1.9127,506252,0,,4,41653.700000000004,"('A', 0.25, 16, 2.0)",0.8,0.8
case_006,1,3,82837,30284,30284,2.7353,406936,0,,6,28748.466666666667,"('A', 0.25, 16, 2.0)",0.9,0.8
case_006,1,4,82837,28015,28015,2.9569,598860,0,,12,24557.033333333336,"('A', 0.25, 16, 4.0)",0.9,0.7
case_006,1,5,82837,26284,26284,3.1516,628938,0,,14,22493.266666666674,"('A', 0.25, 16, 4.0)",0.9,0.7
case_006,2,1,82837,78894,78894,1.05,0,0,,39,78892.56666666667,"('B', 0.1, 64, 8.0)",0.6,0.5
case_006,2,2,82837,42039,42039,1.9705,322448,0,,48,41760.166666666664,"('B', 0.25, 16, 2.0)",0.6,0.8
case_006,2,3,82837,28402,28402,2.9166,309540,0,,51,28125.166666666664,"('B', 0.25, 16, 2.0)",0.7,0.7
case_006,2,4,82837,22934,22934,3.612,471730,0,,171,20978.833333333336,"('B', 0.1, 64, 2.0)",0.8,0.5
case_006,2,5,82837,19160,19160,4.3234,344880,0,,67,18478.500000000004,"('B', 1.0, 16, 4.0)",0.6,0.7
case_006,3,1,82837,78894,78894,1.05,0,0,0.0,39,78892.56666666667,"('C', 0.1, 64, 4.0)",0.8,0.5
case_006,3,2,82837,41986,41986,1.973,308624,0,0.06446099377365401,48,41710.1,"('C', 0.25, 16, 8.0)",0.7,0.5
case_006,3,3,82837,28251,28251,2.9322,420644,0,0.225192592575147,51,27974.166666666664,"('C', 1.0, 16, 1.0)",0.8,0.6
case_006,3,4,82837,22101,22101,3.7481,384444,0,0.2607696291374128,51,20945.233333333334,"('C', 1.0, 16, 1.0)",0.9,0.7
case_006,3,5,82837,18799,20094,4.4065,344880,0,0.18766902671001853,67,18478.500000000004,p2_plan,0.7,1.1
case_007,1,1,1012562,1012562,1012562,1.0,0,0,,1,1012560.7999999999,"('A', 0.25, 16, 2.0)",4.7,0.0
case_007,1,2,1012562,507494,507494,1.9952,27648,0,,2,507312.8,"('A', 0.25, 16, 2.0)",4.2,7.8
case_007,1,3,1012562,338094,338094,2.9949,55296,0,,3,338653.6,"('A', 0.25, 16, 1.0)",4.5,3.2
case_007,1,4,1012562,254398,254398,3.9802,82944,0,,4,254749.6,"('A', 0.25, 16, 1.0)",4.5,2.7
case_007,1,5,1012562,205554,205554,4.926,110592,0,,5,204528.80000000002,"('A', 0.25, 16, 2.0)",4.4,2.7
case_007,2,1,1012562,1012562,1012562,1.0,0,0,,43,1012560.7999999999,"('B', 0.1, 16, 8.0)",3.6,2.0
case_007,2,2,1012562,507494,507494,1.9952,27648,0,,94,507312.8,"('B', 0.1, 16, 8.0)",3.3,2.1
case_007,2,3,1012562,338094,338094,2.9949,55296,0,,141,338653.6,"('B', 0.1, 16, 1.0)",3.4,1.5
case_007,2,4,1012562,254398,254398,3.9802,82944,0,,187,254749.6,"('B', 0.1, 16, 1.0)",3.8,2.0
case_007,2,5,1012562,205554,205554,4.926,110592,0,,279,204528.80000000002,"('B', 0.1, 16, 8.0)",3.4,1.3
case_007,3,1,1012562,1012562,1012562,1.0,0,0,0.0,43,1012560.7999999999,"('C', 0.1, 64, 4.0)",4.0,1.9
case_007,3,2,1012562,507494,507494,1.9952,27648,0,0.0,94,507312.8,"('C', 0.1, 64, 4.0)",3.9,1.9
case_007,3,3,1012562,338094,338094,2.9949,55296,0,0.0,141,338346.39999999997,"('C', 0.1, 64, 4.0)",3.7,1.6
case_007,3,4,1012562,254398,254398,3.9802,82944,0,0.0,187,254442.4,"('C', 0.1, 64, 4.0)",4.0,1.4
case_007,3,5,1012562,203834,203834,4.9676,110592,0,0.0,280,203728.80000000002,"('C', 0.1, 64, 2.0)",4.0,1.9
case_008,1,1,487605,487605,487605,1.0,0,0,,1,487603.2,"('A', 0.25, 16, 2.0)",1.1,0.0
case_008,1,2,487605,244266,244266,1.9962,0,0,,2,244262.43333333332,"('A', 0.25, 16, 2.0)",1.1,1.1
case_008,1,3,487605,163359,163359,2.9849,0,0,,3,163353.66666666666,"('A', 0.25, 16, 2.0)",1.2,0.9
case_008,1,4,487605,123060,123060,3.9623,0,0,,4,123052.9,"('A', 0.25, 16, 2.0)",1.1,1.0
case_008,1,5,487605,100603,100603,4.8468,0,0,,5,100185.66666666666,"('A', 0.25, 16, 2.0)",1.3,0.9
case_008,2,1,487605,487605,487605,1.0,0,0,,54,487603.2,"('B', 0.1, 16, 8.0)",1.1,0.6
case_008,2,2,487605,244266,244266,1.9962,0,0,,108,244262.43333333332,"('B', 0.1, 16, 8.0)",0.8,0.6
case_008,2,3,487605,163359,163359,2.9849,0,0,,108,163353.66666666666,"('B', 0.1, 16, 8.0)",1.1,0.5
case_008,2,4,487605,123060,123060,3.9623,0,0,,108,123052.9,"('B', 0.1, 16, 8.0)",0.9,0.7
case_008,2,5,487605,100603,100603,4.8468,0,0,,108,100185.66666666666,"('B', 0.1, 16, 8.0)",1.0,0.8
case_008,3,1,487605,487605,487605,1.0,0,0,0.0,54,487603.2,"('C', 0.1, 64, 4.0)",1.2,0.7
case_008,3,2,487605,244266,244266,1.9962,0,0,0.0,108,244262.43333333332,"('C', 0.1, 64, 4.0)",1.1,0.8
case_008,3,3,487605,163359,163359,2.9849,0,0,0.0,108,163353.66666666666,"('C', 0.1, 64, 4.0)",0.9,1.0
case_008,3,4,487605,123060,123060,3.9623,0,0,0.0,108,123052.9,"('C', 0.1, 64, 4.0)",1.5,1.6
case_008,3,5,487605,100603,100603,4.8468,0,0,0.0,108,100185.66666666666,"('C', 0.1, 64, 4.0)",0.9,0.8
case_009,1,1,153261,153261,153261,1.0,0,0,,1,145555.56666666665,"('A', 0.25, 16, 2.0)",6.7,0.0
case_009,1,2,153261,91571,91571,1.6737,377554,0,,60,90540.83333333342,"('A', 1.0, 64, 8.0)",6.1,5.7
case_009,1,3,153261,88018,88018,1.7412,288852,0,,68,82585.5,"('A', 0.25, 16, 4.0)",8.7,11.6
case_009,1,4,153261,80717,80717,1.8987,623744,0,,158,76635.03333333335,"('A', 1.0, 64, 8.0)",8.5,6.9
case_009,1,5,153261,75332,75332,2.0345,744630,0,,192,70176.03333333322,"('A', 0.25, 16, 2.0)",7.7,6.3
case_009,2,1,153261,151280,151280,1.0131,0,0,,44,145555.56666666665,"('B', 0.1, 16, 8.0)",6.1,3.0
case_009,2,2,153261,85956,85956,1.783,360678,0,,855,81298.36666666667,"('B', 1.0, 16, 4.0)",6.3,3.1
case_009,2,3,153261,62457,62457,2.4539,699100,0,,1082,59493.16666666666,"('B', 0.1, 64, 2.0)",6.9,2.8
case_009,2,4,153261,53648,53648,2.8568,851366,0,,1170,51139.5,"('B', 0.1, 64, 2.0)",6.8,3.3
case_009,2,5,153261,51301,51301,2.9875,942486,0,,1205,46763.86666666667,"('B', 0.1, 64, 2.0)",6.6,2.9
case_009,3,1,153261,151280,151280,1.0131,0,0,0.0,44,145555.56666666665,"('C', 0.1, 64, 4.0)",5.4,2.7
case_009,3,2,153261,85935,85935,1.7835,360678,0,0.0553262171249597,855,81298.36666666667,p2_plan,7.0,2.3
case_009,3,3,153261,62437,62437,2.4547,699100,0,0.18760925732505085,1082,59493.16666666666,p2_plan,6.8,2.7
case_009,3,4,153261,52822,52822,2.9015,847778,0,0.25020240196833443,1162,51072.65199999998,"('C', 0.1, 64, 2.0)",7.0,3.4
case_009,3,5,153261,49095,49095,3.1217,981928,0,0.29290551597391806,1223,46117.76666666666,"('C', 0.1, 16, 1.0)",7.6,2.8
case_010,1,1,86969,86969,86969,1.0,0,0,,1,86968.2,single,0.7,0.0
case_010,1,2,86969,45379,45379,1.9165,621836,0,,4,44527.333333333336,"('A', 0.25, 16, 2.0)",0.8,0.8
case_010,1,3,86969,33928,33928,2.5633,539164,0,,6,30401.43333333334,"('A', 0.25, 16, 1.0)",0.7,0.6
case_010,1,4,86969,29410,29410,2.9571,494372,0,,8,24957.033333333333,"('A', 1.0, 16, 0.0)",1.0,0.7
case_010,1,5,86969,25077,25077,3.4681,477352,0,,12,21743.866666666672,"('A', 0.25, 16, 2.0)",1.0,0.6
case_010,2,1,86969,86969,86969,1.0,0,0,,1,86968.2,single,0.6,0.4
case_010,2,2,86969,43556,43556,1.9967,392464,32768,,63,43438.333891959875,"('B', 0.25, 16, 2.0)",0.8,0.8
case_010,2,3,86969,28307,28307,3.0723,352060,9216,,122,27515.408975859136,"('B', 0.1, 64, 8.0)",0.7,0.4
case_010,2,4,86969,23782,23782,3.6569,340236,0,,130,21380.633333333335,"('B', 0.1, 64, 8.0)",0.7,0.4
case_010,2,5,86969,21946,21946,3.9629,395416,0,,153,18957.13333333333,"('B', 0.1, 64, 8.0)",0.6,0.5
case_010,3,1,86969,86969,86969,1.0,0,0,0.0,1,86968.2,single,0.6,0.4
case_010,3,2,86969,43556,43556,1.9967,392464,32768,0.10571019138427992,63,43438.333891959875,p2_plan,0.5,0.3
case_010,3,3,86969,27857,27857,3.122,455820,0,0.2183436297201333,122,27237.466666666667,"('C', 0.1, 64, 4.0)",0.5,0.5
case_010,3,4,86969,23742,23742,3.6631,340236,0,0.1918485133426283,130,21380.633333333335,p2_plan,0.6,0.4
case_010,3,5,86969,21517,21517,4.0419,395416,0,0.18376638863164024,153,18957.13333333333,p2_plan,0.5,0.5
case_011,1,1,184697,184697,184697,1.0,0,0,,1,184694.66666666666,"('A', 0.25, 16, 2.0)",1.0,0.0
case_011,1,2,184697,92646,92646,1.9936,180224,0,,2,94723.46666666666,"('A', 0.25, 16, 2.0)",1.2,0.7
case_011,1,3,184697,69625,69625,2.6527,901120,0,,3,69414.66666666666,"('A', 0.25, 16, 2.0)",1.6,0.7
case_011,1,4,184697,46880,46880,3.9398,540672,0,,4,53117.06666666667,"('A', 0.25, 16, 2.0)",1.7,1.0
case_011,1,5,184697,46777,46777,3.9485,1081344,0,,5,46358.66666666667,"('A', 1.0, 16, 2.0)",2.4,0.9
case_011,2,1,184697,184697,184697,1.0,0,0,,16,184694.66666666666,"('B', 0.1, 16, 8.0)",0.6,0.4
case_011,2,2,184697,92646,92646,1.9936,868352,0,,129,92573.06666666667,"('B', 0.1, 16, 8.0)",1.3,0.6
case_011,2,3,184697,69536,69536,2.6561,1843200,0,,278,62569.33333333334,"('B', 0.1, 64, 8.0)",1.1,0.9
case_011,2,4,184697,48745,48745,3.789,2031616,0,,273,46737.86666666667,"('B', 0.1, 16, 8.0)",1.2,0.7
case_011,2,5,184697,47287,47287,3.9059,1622016,0,,16,46358.66666666667,"('B', 1.0, 64, 0.0)",1.4,0.7
case_011,3,1,184697,184697,184697,1.0,0,0,0.0,16,184694.66666666666,"('C', 0.1, 64, 4.0)",0.7,0.7
case_011,3,2,184697,92646,92646,1.9936,966656,0,0.10477941176470588,129,92573.06666666667,"('C', 0.1, 16, 1.0)",1.0,0.7
case_011,3,3,184697,69500,69500,2.6575,2826240,0,0.40924092409240925,276,62569.33333333334,"('C', 0.1, 64, 4.0)",1.0,0.8
case_011,3,4,184697,48273,48273,3.8261,2375680,0,0.2540983606557377,273,46737.86666666667,"('C', 0.1, 16, 1.0)",0.9,1.1
case_011,3,5,184697,46777,46777,3.9485,1622016,0,0.6231060606060606,16,46358.66666666667,"('C', 1.0, 64, 0.0)",1.4,0.6
case_012,1,1,59088,59088,59088,1.0,0,0,,1,56955.166666666664,"('A', 0.1, 64, 1.0)",0.9,0.0
case_012,1,2,59088,29676,29676,1.9911,111328,0,,5,26846.166666666668,"('A', 0.1, 64, 1.0)",0.9,1.2
case_012,1,3,59088,23536,23536,2.5105,19584,0,,3,17599.699999999997,"('A', 1.0, 16, 2.0)",2.0,1.0
case_012,1,4,59088,16451,16451,3.5918,91712,0,,7,13572.0,"('A', 0.25, 16, 2.0)",1.4,0.9
case_012,1,5,59088,15200,15200,3.8874,25344,0,,5,11987.233333333334,"('A', 1.0, 16, 2.0)",1.1,1.2
case_012,2,1,59088,56967,56967,1.0372,0,0,,42,56955.166666666664,"('B', 0.1, 64, 8.0)",1.0,0.7
case_012,2,2,59088,26103,26103,2.2636,78552,0,,70,26236.833333333332,"('B', 0.1, 64, 2.0)",0.7,0.7
case_012,2,3,59088,17946,17946,3.2925,19584,0,,50,17599.699999999997,"('B', 1.0, 16, 4.0)",0.9,0.8
case_012,2,4,59088,14317,14317,4.1271,29376,0,,50,13800.166666666668,"('B', 1.0, 16, 4.0)",1.2,0.6
case_012,2,5,59088,13067,13067,4.5219,84704,0,,77,11917.099999999999,"('B', 0.25, 64, 8.0)",1.0,0.7
case_012,3,1,59088,56967,56967,1.0372,0,0,0.0,42,56955.166666666664,"('C', 0.1, 64, 4.0)",1.1,0.8
case_012,3,2,59088,26103,26103,2.2636,78552,0,0.11208345657992512,70,26236.833333333332,p2_plan,1.3,0.6
case_012,3,3,59088,17946,17946,3.2925,19584,0,0.029733163913595935,50,17599.699999999997,p2_plan,1.1,0.6
case_012,3,4,59088,14317,14317,4.1271,29376,0,0.057210519755702356,50,13800.166666666668,p2_plan,1.3,0.7
case_012,3,5,59088,12058,12058,4.9003,129396,0,0.1612029674972554,77,11360.400000000001,"('C', 0.25, 16, 8.0)",1.3,0.8
case_013,1,1,263949,263949,263949,1.0,0,0,,1,263946.4,"('A', 0.25, 16, 2.0)",2.8,0.0
case_013,1,2,263949,132198,132198,1.9966,8192,0,,2,132363.46666666665,"('A', 0.25, 16, 2.0)",2.7,2.2
case_013,1,3,263949,88351,88351,2.9875,16384,0,,3,88684.53333333333,"('A', 0.25, 16, 2.0)",2.8,2.0
case_013,1,4,263949,66982,66982,3.9406,24576,0,,4,66971.46666666666,"('A', 0.25, 16, 2.0)",3.1,3.2
case_013,1,5,263949,54363,54363,4.8553,32768,0,,5,54025.33333333333,"('A', 1.0, 16, 0.0)",2.2,1.9
case_013,2,1,263949,263949,263949,1.0,0,0,,41,263946.4,"('B', 0.1, 16, 8.0)",1.6,1.6
case_013,2,2,263949,132198,132198,1.9966,8192,0,,82,132363.46666666665,"('B', 0.1, 16, 1.0)",1.4,1.3
case_013,2,3,263949,88351,88351,2.9875,16384,0,,123,88684.53333333333,"('B', 0.1, 16, 1.0)",1.6,1.3
case_013,2,4,263949,66982,66982,3.9406,24576,0,,246,66971.46666666666,"('B', 0.1, 16, 1.0)",1.5,1.4
case_013,2,5,263949,54363,54363,4.8553,32768,0,,246,54025.33333333333,"('B', 1.0, 64, 0.0)",1.8,1.2
case_013,3,1,263949,263949,263949,1.0,0,0,0.0,41,263946.4,"('C', 0.1, 64, 4.0)",1.7,1.5
case_013,3,2,263949,132198,132198,1.9966,8192,0,0.0,82,132363.46666666665,"('C', 0.1, 64, 4.0)",1.6,1.4
case_013,3,3,263949,88351,88351,2.9875,16384,0,0.0,123,88582.13333333333,"('C', 0.1, 64, 4.0)",1.8,1.5
case_013,3,4,263949,66982,66982,3.9406,24576,0,0.0,246,66971.46666666666,"('C', 0.1, 64, 4.0)",1.6,1.5
case_013,3,5,263949,54363,54363,4.8553,32768,0,0.0,246,53834.399999999994,"('C', 0.1, 64, 4.0)",1.7,1.5
case_014,1,1,17698626,17640824,17640824,1.0033,71511456,38866848,,16,17309803.870502014,"('A', 0.25, 16, 2.0, 16)",32.9,111.1
case_014,1,2,17698626,8840078,8840078,2.0021,82053048,18117216,,32,8708091.945308598,"('A', 0.25, 16, 2.0, 16)",40.3,133.2
case_014,1,3,17698626,5953391,5953391,2.9729,94462992,8983224,,48,5843068.107987943,"('A', 0.25, 16, 2.0, 16)",44.4,131.4
case_014,1,4,17698626,4561458,4561458,3.88,102808080,7279800,,64,4429659.815210318,"('A', 0.25, 16, 2.0, 16)",52.6,142.8
case_014,1,5,17698626,3763131,3763131,4.7032,108936720,6610104,,80,3587955.3419705387,"('A', 0.25, 16, 2.0, 16)",52.1,147.6
case_014,2,1,17698626,17675027,17675027,1.0013,65674656,65674656,,41,17335081.565479327,"('B', 0.1, 16, 8.0)",33.0,114.9
case_014,2,2,17698626,8912808,8912808,1.9858,70007712,62309280,,84,8820602.176803784,"('B', 0.1, 16, 8.0)",32.7,85.3
case_014,2,3,17698626,6000392,6000392,2.9496,72580512,58063776,,124,6041708.411811184,"('B', 0.1, 16, 8.0)",35.9,67.2
case_014,2,4,17698626,4555453,4555453,3.8852,72070560,51803040,,168,4666066.946869445,"('B', 0.1, 16, 8.0)",26.4,39.0
case_014,2,5,17698626,3731083,3731083,4.7436,73305504,47772576,,238,3865032.7781610126,"('B', 0.1, 16, 8.0)",24.8,36.7
case_014,3,1,17698626,17664721,17664721,1.0019,65674656,65674656,0.17888728364545597,41,17335081.565479327,"('C', 0.1, 64, 4.0)",28.3,111.3
case_014,3,2,17698626,8902242,8919279,1.9881,70007712,62309280,0.2311052959928248,84,8820602.176803784,p2_plan,31.5,135.3
case_014,3,3,17698626,5976704,5976704,2.9613,75191712,60145056,0.2779333379028239,123,6030048.974088487,"('C', 0.25, 16, 8.0)",33.0,60.3
case_014,3,4,17698626,4540791,4570616,3.8977,72070560,51803040,0.257633729161207,168,4666066.946869445,p2_plan,32.8,89.4
case_014,3,5,17698626,3710036,3710036,4.7705,80638368,52322208,0.3293825852679486,238,3852026.014616275,"('C', 0.25, 16, 8.0)",35.6,48.1
case_015,1,1,177362,177362,177362,1.0,180256,180256,,1,170341.5482761853,"('A', 0.1, 64, 1.0)",1.4,0.0
case_015,1,2,177362,92229,92229,1.9231,208144,98320,,2,86276.21737237716,"('A', 1.0, 16, 2.0)",1.2,0.9
case_015,1,3,177362,64487,64487,2.7504,252416,32768,,3,59159.780055844785,"('A', 1.0, 16, 2.0)",1.1,1.3
case_015,1,4,177362,54124,54124,3.277,324864,0,,4,46745.866666666676,"('A', 1.0, 16, 2.0)",1.3,0.7
case_015,1,5,177362,45499,45499,3.8982,451072,16384,,5,39695.091832858925,"('A', 1.0, 16, 0.0)",1.4,1.2
case_015,2,1,177362,170070,170070,1.0429,425992,425992,,34,171060.04570974078,"('B', 0.1, 64, 8.0)",1.1,0.6
case_015,2,2,177362,89092,89092,1.9908,920356,32768,,93,70655.0437110864,"('B', 0.1, 64, 8.0)",1.2,0.6
case_015,2,3,177362,56719,56719,3.127,1063726,8198,,101,51245.90591284103,"('B', 0.1, 64, 8.0)",1.1,1.2
case_015,2,4,177362,53485,53485,3.3161,1313224,0,,131,41882.53333333334,"('B', 0.1, 16, 8.0)",1.0,0.7
case_015,2,5,177362,44340,44340,4.0,434688,0,,45,39510.466666666674,"('B', 1.0, 64, 0.0)",1.1,0.8
case_015,3,1,177362,170070,170070,1.0429,425992,425992,0.0,34,171060.04570974078,"('C', 0.1, 64, 4.0)",1.3,0.9
case_015,3,2,177362,88638,88638,2.001,920356,32768,0.06928773881554953,93,70655.0437110864,p2_plan,1.3,0.8
case_015,3,3,177362,55965,55965,3.1692,1063726,8198,0.13755748728883058,101,51245.90591284103,p2_plan,1.1,0.8
case_015,3,4,177362,50152,50152,3.5365,1676876,16384,0.291127870274438,135,39109.81424340089,"('C', 0.1, 16, 1.0)",1.1,0.9
case_015,3,5,177362,44113,44819,4.0206,434688,0,0.15563725675993237,45,39510.466666666674,p2_plan,1.6,1.8
case_016,1,1,7715523,7715523,7715523,1.0,0,0,,1,7715521.166666666,"('A', 0.25, 16, 2.0)",18.0,0.0
case_016,1,2,7715523,7592380,7592380,1.0162,18481626,0,,48,7573998.200000011,"('A', 0.1, 1024, 2.0, 8)",66.8,9.0
case_016,1,3,7715523,7459772,7459772,1.0343,38700760,0,,176,7398917.2,"('A', 0.25, 1024, 2.0, 16)",41.6,7.2
case_016,1,4,7715523,7459772,7459772,1.0343,38700760,0,,176,7398917.2,prev_n3,37.6,7.1
case_016,1,5,7715523,7459772,7459772,1.0343,38700760,0,,176,7398917.2,prev_n4,39.8,7.7
case_016,2,1,7715523,7715523,7715523,1.0,0,0,,44,7715521.166666666,"('B', 0.1, 16, 8.0)",6.1,11.8
case_016,2,2,7715523,4572505,4572505,1.6874,82060210,80544350,,3982,4584760.728956727,"('B', 1.0, 4096, 0.0)",23.7,10.8
case_016,2,3,7715523,2878670,2878670,2.6802,13408,1216,,4874,2878141.2572658095,"('B', 0.1, 4096, 8.0)",25.7,9.0
case_016,2,4,7715523,2238988,2238988,3.446,14628,0,,5179,2239408.266666727,"('B', 0.1, 4096, 8.0)",28.0,8.5
case_016,2,5,7715523,2117853,2117853,3.6431,15844,0,,4875,2118980.90000003,"('B', 0.1, 4096, 8.0)",29.8,8.3
case_016,3,1,7715523,7715523,7715523,1.0,0,0,0.0,44,7715521.166666666,"('C', 0.1, 64, 4.0)",6.3,11.6
case_016,3,2,7715523,4560045,4560045,1.692,81142712,80216672,0.008771695403401879,3971,4573037.085947445,"('C', 1.0, 4096, 0.0)",30.4,10.8
case_016,3,3,7715523,2878670,2885557,2.6802,13408,1216,0.004553988734869971,4874,2878141.2572658095,p2_plan,33.0,18.2
case_016,3,4,7715523,2238988,2242630,3.446,14628,0,0.0030359773300377,5179,2239408.266666727,p2_plan,35.8,17.3
case_016,3,5,7715523,2117853,2117853,3.6431,15844,0,0.004547063604046488,4875,2118980.90000003,"('C', 0.1, 4096, 4.0)",38.0,8.7
case_017,1,1,162810,162810,162810,1.0,22528,22528,,1,158848.3755658474,"('A', 0.25, 16, 2.0)",1.7,0.0
case_017,1,2,162810,83860,83860,1.9415,81792,0,,2,79835.86666666667,"('A', 0.25, 16, 2.0)",1.9,1.7
case_017,1,3,162810,64632,64632,2.519,169344,0,,3,49996.86666666667,"('A', 0.25, 16, 1.0)",1.5,1.4
case_017,1,4,162810,43394,43394,3.7519,239616,0,,4,41800.26666666666,"('A', 0.25, 16, 4.0)",1.5,1.1
case_017,1,5,162810,39198,39198,4.1535,331776,0,,5,33811.86666666667,"('A', 0.25, 16, 1.0)",1.8,1.0
case_017,2,1,162810,162850,162850,0.9998,0,0,,42,158816.86666666667,"('B', 0.1, 16, 8.0)",1.4,0.9
case_017,2,2,162810,83024,83024,1.961,81792,0,,47,79835.86666666667,"('B', 0.1, 16, 8.0)",1.1,0.6
case_017,2,3,162810,51243,51243,3.1772,427066,0,,98,49832.833333333336,"('B', 0.1, 64, 2.0)",1.3,0.6
case_017,2,4,162810,37981,37981,4.2866,532942,0,,114,35945.26666666667,"('B', 0.1, 64, 2.0)",1.2,1.0
case_017,2,5,162810,31553,31553,5.1599,636000,0,,132,29829.666666666668,"('B', 0.1, 64, 2.0)",1.4,0.9
case_017,3,1,162810,162850,162850,0.9998,0,0,0.0,42,158816.86666666667,"('C', 0.1, 64, 4.0)",1.6,1.0
case_017,3,2,162810,81384,81384,2.0005,81792,0,0.013071598774537615,47,79835.86666666667,"('C', 0.1, 64, 4.0)",1.5,1.0
case_017,3,3,162810,50083,50083,3.2508,493502,0,0.2726635433383376,101,49616.833333333336,"('C', 0.1, 64, 4.0)",1.3,0.8
case_017,3,4,162810,37831,37831,4.3036,553566,0,0.2541594939586852,108,35592.366666666676,"('C', 0.1, 64, 4.0)",1.5,0.8
case_017,3,5,162810,31553,31553,5.1599,636000,0,0.2506079468983238,132,29829.666666666668,p2_plan,1.4,1.1
case_018,1,1,1004367,1004367,1004367,1.0,1970176,1970176,,1,986335.7447114281,single,2.6,0.0
case_018,1,2,1004367,503225,503225,1.9959,5612544,0,,8,506392.33333333326,"('A', 0.1, 16, 2.0, 4)",2.4,2.5
case_018,1,3,1004367,339701,339701,2.9566,6834176,0,,12,341709.9333333333,"('A', 0.1, 16, 2.0, 4)",2.5,3.3
case_018,1,4,1004367,259264,259264,3.8739,7732224,0,,20,259740.2333333333,"('A', 0.1, 16, 2.0, 4)",2.7,2.9
case_018,1,5,1004367,213728,213728,4.6993,8366464,0,,25,209475.86666666664,"('A', 0.1, 16, 2.0, 4)",2.7,2.5
case_018,2,1,1004367,1004367,1004367,1.0,1970176,1970176,,1,986335.7447114281,single,1.8,1.5
case_018,2,2,1004367,511394,511394,1.964,2618368,1437696,,74,509027.91701144865,"('B', 0.1, 16, 8.0)",1.8,1.9
case_018,2,3,1004367,350794,350794,2.8631,3053568,1011712,,77,345026.7570653595,"('B', 0.1, 16, 8.0)",1.7,1.9
case_018,2,4,1004367,252954,252954,3.9706,3550208,442368,,113,253433.22931193278,"('B', 0.1, 64, 8.0)",2.2,1.8
case_018,2,5,1004367,207185,207185,4.8477,3408512,36864,,118,203213.10968742555,"('B', 0.1, 64, 8.0)",1.9,1.8
case_018,3,1,1004367,1003110,1003110,1.0013,1970176,1970176,0.34375031576536474,1,986335.7447114281,single,2.0,1.5
case_018,3,2,1004367,509595,509595,1.9709,2618368,1437696,0.46324784538647207,74,509027.91701144865,p2_plan,2.2,2.2
case_018,3,3,1004367,346219,346219,2.901,3889152,1355776,0.5660092364698268,78,344764.8182042586,"('C', 0.25, 16, 8.0)",2.7,2.2
case_018,3,4,1004367,252703,252703,3.9745,3550208,442368,0.4832318811570094,113,253433.22931193278,p2_plan,3.4,1.9
case_018,3,5,1004367,203862,203862,4.9267,3408512,36864,0.5194705436783411,118,203213.10968742555,p2_plan,3.2,1.5
case_019,1,1,81144,81144,81144,1.0,0,0,,1,77851.0,"('A', 1.0, 16, 2.0)",1.0,0.0
case_019,1,2,81144,40365,40365,2.0103,103200,0,,4,38700.23333333333,"('A', 0.1, 64, 1.0)",0.8,0.6
case_019,1,3,81144,30511,30511,2.6595,456480,0,,11,26095.600000000002,"('A', 0.1, 64, 1.0)",0.8,0.6
case_019,1,4,81144,21976,21976,3.6924,456384,0,,13,19299.533333333336,"('A', 0.1, 64, 1.0)",0.8,0.5
case_019,1,5,81144,18193,18193,4.4602,519776,0,,17,16129.433333333332,"('A', 0.1, 64, 1.0)",1.3,0.7
case_019,2,1,81144,77852,77852,1.0423,0,0,,27,77851.0,"('B', 1.0, 64, 0.0)",0.6,0.4
case_019,2,2,81144,36895,36895,2.1993,120864,0,,86,36790.433333333334,"('B', 0.1, 64, 2.0)",0.5,0.4
case_019,2,3,81144,22556,22556,3.5974,261568,0,,151,22391.966666666667,"('B', 0.1, 64, 2.0)",0.5,0.5
case_019,2,4,81144,17207,17207,4.7158,270400,0,,164,16928.13333333333,"('B', 0.1, 64, 2.0)",0.5,0.4
case_019,2,5,81144,14315,14315,5.6685,314304,0,,163,13790.166666666666,"('B', 0.1, 64, 2.0)",0.5,0.3
case_019,3,1,81144,77852,77852,1.0423,0,0,0.0,27,77851.0,"('C', 1.0, 64, 0.0)",0.5,0.4
case_019,3,2,81144,36760,36760,2.2074,122400,0,0.16249675220467988,86,36655.433333333334,"('C', 0.1, 64, 2.0)",0.7,0.4
case_019,3,3,81144,22346,22346,3.6313,259232,0,0.19866329184794654,151,22223.166666666664,"('C', 0.1, 64, 2.0)",0.4,0.4
case_019,3,4,81144,16986,16986,4.7771,307552,0,0.3073200979943684,164,16646.13333333333,"('C', 0.1, 64, 2.0)",0.6,0.3
case_019,3,5,81144,13953,13953,5.8155,314304,0,0.29157433546833417,163,13790.166666666666,p2_plan,0.4,0.3
case_020,1,1,532746,532746,532746,1.0,0,0,,1,532744.5333333333,"('A', 0.25, 16, 2.0)",6.4,0.0
case_020,1,2,532746,266580,266580,1.9984,0,0,,2,266508.8,"('A', 0.25, 16, 2.0)",5.7,16.0
case_020,1,3,532746,177950,177950,2.9938,0,0,,3,177809.06666666665,"('A', 0.25, 16, 2.0)",7.1,13.2
case_020,1,4,532746,133704,133704,3.9845,0,0,,4,133493.3333333333,"('A', 0.25, 16, 2.0)",5.9,7.1
case_020,1,5,532746,107650,107650,4.9489,0,0,,5,107440.79999999999,"('A', 0.25, 16, 2.0)",7.2,6.9
case_020,2,1,532746,532746,532746,1.0,0,0,,42,532744.5333333333,"('B', 0.1, 16, 8.0)",6.2,3.9
case_020,2,2,532746,266580,266580,1.9984,0,0,,88,266508.8,"('B', 0.1, 16, 8.0)",5.1,2.5
case_020,2,3,532746,177950,177950,2.9938,0,0,,144,177809.06666666665,"('B', 0.1, 16, 8.0)",5.1,2.5
case_020,2,4,532746,133704,133704,3.9845,0,0,,240,133493.3333333333,"('B', 0.1, 16, 8.0)",5.2,3.4
case_020,2,5,532746,107650,107650,4.9489,0,0,,288,107440.79999999999,"('B', 0.1, 16, 8.0)",4.6,2.0
case_020,3,1,532746,532746,532746,1.0,0,0,0.0,42,532744.5333333333,"('C', 0.1, 64, 4.0)",6.9,3.6
case_020,3,2,532746,266580,266580,1.9984,0,0,0.0,88,266508.8,"('C', 0.1, 64, 4.0)",5.3,2.9
case_020,3,3,532746,177950,177950,2.9938,0,0,0.0,144,177809.06666666665,"('C', 0.1, 64, 4.0)",6.3,3.0
case_020,3,4,532746,133704,133704,3.9845,0,0,0.0,240,133493.3333333333,"('C', 0.1, 64, 4.0)",6.1,2.2
case_020,3,5,532746,107650,107650,4.9489,0,0,0.0,288,107440.79999999999,"('C', 0.1, 64, 4.0)",5.3,2.0
case_021,1,1,6567937,6567937,6567937,1.0,4501504,4501504,,1,6195090.898710436,"('A', 0.25, 16, 2.0)",4.7,0.0
case_021,1,2,6567937,3194570,3194570,2.056,3174400,1638400,,2,3102604.9390095966,"('A', 0.25, 16, 2.0)",4.4,11.5
case_021,1,3,6567937,2132763,2132763,3.0795,4493312,909312,,3,2096391.0604412844,"('A', 1.0, 64, 8.0)",5.2,15.1
case_021,1,4,6567937,1550324,1550324,4.2365,4608000,0,,4,1561991.4666666668,"('A', 0.25, 16, 2.0)",6.0,4.1
case_021,1,5,6567937,1247375,1247375,5.2654,7510016,188416,,5,1257200.30810314,"('A', 1.0, 64, 8.0)",6.5,14.8
case_021,2,1,6567937,6567937,6567937,1.0,4501504,4501504,,40,6195090.898710436,"('B', 0.1, 16, 8.0)",3.1,3.0
case_021,2,2,6567937,3194570,3194570,2.056,3174400,1638400,,80,3102604.9390095966,"('B', 0.1, 16, 8.0)",3.3,3.5
case_021,2,3,6567937,2132763,2132763,3.0795,4493312,909312,,80,2096391.0604412844,"('B', 0.1, 16, 8.0)",3.3,2.9
case_021,2,4,6567937,1550324,1550324,4.2365,4608000,0,,80,1561991.4666666668,"('B', 0.1, 16, 8.0)",3.3,2.3
case_021,2,5,6567937,1247375,1247375,5.2654,7510016,188416,,80,1257200.30810314,"('B', 0.1, 16, 8.0)",3.6,2.7
case_021,3,1,6567937,6558837,6558837,1.0014,4501504,4501504,0.5005973715651135,40,6195090.898710436,"('C', 0.1, 64, 4.0)",3.1,3.0
case_021,3,2,6567937,3193634,3193634,2.0566,3174400,1638400,0.21777777777777776,80,3102345.2848942163,"('C', 0.1, 64, 4.0)",3.0,2.7
case_021,3,3,6567937,2131983,2131983,3.0807,4493312,909312,0.5499401913875598,80,2096391.0604412844,p2_plan,2.6,2.5
case_021,3,4,6567937,1550324,1550324,4.2365,4608000,0,0.0,80,1555984.0,"('C', 0.1, 64, 4.0)",2.6,2.4
case_021,3,5,6567937,1246901,1249059,5.2674,7510016,188416,0.6211334855719327,80,1257200.30810314,p2_plan,2.8,5.1
case_022,1,1,56780,56780,56780,1.0,0,0,,1,56679.166666666664,"('A', 0.25, 16, 2.0)",1.8,0.0
case_022,1,2,56780,28489,28489,1.993,6912,0,,2,28463.766666666666,"('A', 0.25, 16, 2.0)",1.3,1.3
case_022,1,3,56780,19057,19057,2.9795,6912,0,,3,19214.766666666666,"('A', 1.0, 64, 8.0)",1.4,1.1
case_022,1,4,56780,14858,14858,3.8215,6912,0,,4,14678.166666666666,"('A', 1.0, 16, 2.0)",1.8,1.2
case_022,1,5,56780,12195,12195,4.656,20736,0,,5,11980.166666666666,"('A', 1.0, 16, 0.0)",1.8,1.2
case_022,2,1,56780,56543,56543,1.0042,0,0,,29,56679.166666666664,"('B', 0.1, 16, 8.0)",1.5,0.9
case_022,2,2,56780,28390,28390,2.0,6912,0,,32,28463.766666666666,"('B', 0.25, 64, 8.0)",1.4,1.0
case_022,2,3,56780,19263,19263,2.9476,97032,0,,61,19191.166666666664,"('B', 0.25, 16, 2.0)",1.0,0.7
case_022,2,4,56780,14785,14785,3.8404,13824,0,,32,14678.166666666666,"('B', 1.0, 64, 0.0)",0.9,0.7
case_022,2,5,56780,12122,12122,4.684,20736,0,,32,11980.166666666666,"('B', 1.0, 64, 0.0)",1.0,1.0
case_022,3,1,56780,56367,56367,1.0073,0,0,0.0,33,56679.166666666664,"('C', 0.1, 64, 4.0)",0.9,0.7
case_022,3,2,56780,28390,28390,2.0,6912,0,0.03135376408469871,32,28463.766666666666,"('C', 0.25, 64, 2.0)",0.9,0.8
case_022,3,3,56780,19263,19263,2.9476,97032,0,0.09933563491833242,61,19191.166666666664,p2_plan,0.8,0.9
case_022,3,4,56780,14785,14785,3.8404,13824,0,0.060801182245210326,32,14678.166666666666,"('C', 1.0, 64, 0.0)",1.0,0.7
case_022,3,5,56780,12122,12122,4.684,20736,0,0.08851098704092608,32,11980.166666666666,"('C', 1.0, 64, 0.0)",0.9,0.8
case_023,1,1,122614,122614,122614,1.0,0,0,,1,122655.93333333332,"('A', 0.25, 16, 2.0)",1.4,0.0
case_023,1,2,122614,62621,62621,1.958,322988,0,,7,58076.8,"('A', 0.1, 64, 1.0)",1.1,0.7
case_023,1,3,122614,40966,40966,2.9931,207264,0,,3,41745.0,"('A', 1.0, 16, 0.0)",1.0,0.9
case_023,1,4,122614,37461,37461,3.2731,1451724,0,,23,31427.633333333357,"('A', 0.1, 64, 1.0)",1.3,0.9
case_023,1,5,122614,26317,26317,4.6591,419028,0,,12,25920.2,"('A', 0.25, 16, 1.0)",1.2,0.9
case_023,2,1,122614,122658,122658,0.9996,0,0,,31,122655.93333333332,"('B', 0.1, 16, 8.0)",0.9,0.6
case_023,2,2,122614,58599,58599,2.0924,185128,0,,61,58294.666666666664,"('B', 0.1, 64, 8.0)",1.4,0.6
case_023,2,3,122614,39539,39539,3.1011,349284,0,,87,38967.566666666666,"('B', 0.1, 64, 2.0)",0.9,0.6
case_023,2,4,122614,27429,27429,4.4702,364360,0,,154,24992.366666666665,"('B', 0.1, 64, 8.0)",1.0,0.7
case_023,2,5,122614,22664,22664,5.4101,371664,0,,159,20015.566666666666,"('B', 0.1, 64, 8.0)",1.0,0.7
case_023,3,1,122614,122658,122658,0.9996,0,0,0.0,31,122655.93333333332,"('C', 0.1, 64, 4.0)",1.2,0.7
case_023,3,2,122614,58599,58599,2.0924,185128,0,0.17637534308056135,61,58294.666666666664,p2_plan,1.0,0.6
case_023,3,3,122614,39539,39931,3.1011,349284,0,0.2964431408623587,87,38967.566666666666,p2_plan,1.2,1.6
case_023,3,4,122614,27252,27252,4.4993,364360,0,0.1844009293063392,154,24992.366666666665,p2_plan,1.1,0.8
case_023,3,5,122614,22308,22308,5.4964,371664,0,0.1397646909951598,159,20015.566666666666,p2_plan,1.2,0.9
case_024,1,1,2555343,2555343,2555343,1.0,0,0,,1,2555341.1666666665,"('A', 0.25, 16, 2.0)",5.1,0.0
case_024,1,2,2555343,2378477,2378477,1.0744,26346662,0,,78,2346187.466666676,"('A', 0.25, 1024, 2.0, 16)",30.9,4.4
case_024,1,3,2555343,2241643,2241643,1.1399,39715896,0,,136,2160999.833333349,"('A', 0.25, 256, 2.0, 16)",29.0,3.0
case_024,1,4,2555343,2241643,2241643,1.1399,39715896,0,,136,2160999.833333349,prev_n3,18.5,2.7
case_024,1,5,2555343,2231284,2231284,1.1452,62457944,0,,306,2118948.566666707,"('A', 0.25, 256, 2.0, 16)",17.1,3.9
case_024,2,1,2555343,2555343,2555343,1.0,0,0,,51,2555341.1666666665,"('B', 0.1, 16, 8.0)",2.4,2.6
case_024,2,2,2555343,1505009,1505009,1.6979,26348496,26345672,,1308,1514003.7562801766,"('B', 0.1, 4096, 8.0)",9.9,2.3
case_024,2,3,2555343,954032,954032,2.6785,4432,400,,1610,955822.0554705767,"('B', 0.1, 4096, 8.0)",10.2,2.2
case_024,2,4,2555343,743056,743056,3.439,4836,0,,1711,744666.2666666637,"('B', 0.1, 1024, 8.0)",9.9,2.4
case_024,2,5,2555343,703521,703521,3.6322,5236,0,,1611,705043.2999999989,"('B', 0.1, 1024, 8.0)",10.5,2.1
case_024,3,1,2555343,2555343,2555343,1.0,0,0,0.0,51,2555341.1666666665,"('C', 0.1, 64, 4.0)",2.2,2.0
case_024,3,2,2555343,1505009,1505009,1.6979,26348496,26345672,1.4741039732703674e-05,1308,1514003.7562801766,"('C', 0.1, 4096, 4.0)",10.5,2.6
case_024,3,3,2555343,954032,959593,2.6785,4432,400,0.0015165608444210781,1610,955822.0554705767,p2_plan,11.8,4.4
case_024,3,4,2555343,743056,746698,3.439,4836,0,0.0010110354519581228,1711,744666.2666666637,p2_plan,12.3,4.5
case_024,3,5,2555343,703521,703521,3.6322,5236,0,0.0015157869207799229,1611,705043.2999999989,"('C', 0.1, 1024, 4.0)",14.4,2.6
case_025,1,1,4863026,4863026,4863026,1.0,0,0,,1,4863024.8,"('A', 0.25, 16, 2.0)",18.1,0.0
case_025,1,2,4863026,2431840,2431840,1.9997,27648,0,,2,2432119.2,"('A', 0.25, 16, 2.0)",17.8,289.3
case_025,1,3,4863026,1622164,1622164,2.9979,55296,0,,3,1622263.2000000002,"('A', 0.25, 16, 2.0)",19.8,199.6
case_025,1,4,4863026,1217444,1217444,3.9945,82944,0,,4,1217335.2000000002,"('A', 0.25, 16, 2.0)",20.6,129.9
case_025,1,5,4863026,975282,975282,4.9863,110592,0,,5,974429.6,"('A', 1.0, 16, 0.0)",20.4,101.1
case_025,2,1,4863026,4863026,4863026,1.0,0,0,,41,4863024.8,"('B', 0.1, 16, 8.0)",15.1,25.9
case_025,2,2,4863026,2431840,2431840,1.9997,27648,0,,82,2432119.2,"('B', 0.1, 16, 1.0)",12.5,21.5
case_025,2,3,4863026,1622164,1622164,2.9979,55296,0,,123,1622263.2000000002,"('B', 0.1, 16, 1.0)",14.2,16.2
case_025,2,4,4863026,1217444,1217444,3.9945,82944,0,,168,1217335.2000000002,"('B', 0.1, 16, 1.0)",15.3,14.2
case_025,2,5,4863026,975282,975282,4.9863,110592,0,,206,974429.6,"('B', 1.0, 64, 0.0)",15.1,12.7
case_025,3,1,4863026,4863026,4863026,1.0,0,0,0.0,41,4863024.8,"('C', 0.1, 64, 4.0)",16.3,28.3
case_025,3,2,4863026,2431840,2431840,1.9997,27648,0,0.0,82,2432119.2,"('C', 0.1, 64, 4.0)",12.5,18.2
case_025,3,3,4863026,1622164,1622164,2.9979,55296,0,0.0,123,1622263.2000000002,"('C', 0.1, 64, 4.0)",14.4,18.0
case_025,3,4,4863026,1217444,1217444,3.9945,82944,0,0.0,168,1217335.2000000002,"('C', 0.1, 64, 4.0)",19.3,16.5
case_025,3,5,4863026,975282,975282,4.9863,110592,0,0.0,206,974256.7999999999,"('C', 0.1, 64, 4.0)",17.7,13.8
case_026,1,1,99203,99203,99203,1.0,0,0,,1,92916.2,"('A', 0.1, 64, 1.0)",0.6,0.0
case_026,1,2,99203,56143,56143,1.767,491520,0,,4,47319.933333333334,"('A', 0.25, 16, 2.0)",0.8,0.7
case_026,1,3,99203,41297,41297,2.4022,328852,0,,6,38619.86666666667,"('A', 1.0, 64, 8.0)",0.7,0.7
case_026,1,4,99203,41297,42611,2.4022,328852,0,,6,38619.86666666667,prev_n3,0.9,0.6
case_026,1,5,99203,41297,44620,2.4022,328852,0,,6,38619.86666666667,prev_n4,1.0,0.7
case_026,2,1,99203,95387,95387,1.04,32768,32768,,38,92982.22088654795,"('B', 0.1, 64, 8.0)",0.6,0.4
case_026,2,2,99203,49717,49717,1.9954,484096,81920,,97,47559.64970952382,"('B', 0.1, 64, 8.0)",0.8,0.6
case_026,2,3,99203,40400,40400,2.4555,659452,0,,120,34150.43333333333,"('B', 0.1, 64, 8.0)",0.7,0.5
case_026,2,4,99203,32642,32642,3.0391,826912,16384,,145,29668.96544384741,"('B', 0.1, 16, 8.0)",0.6,0.4
case_026,2,5,99203,30761,30761,3.225,842692,8192,,144,27417.68665796689,"('B', 0.1, 16, 8.0)",0.6,0.4
case_026,3,1,99203,95387,95387,1.04,32768,32768,0.0,38,92982.22088654795,"('C', 0.1, 64, 4.0)",0.6,0.3
case_026,3,2,99203,48040,48040,2.065,500732,49152,0.08922524981519103,97,47444.412968902936,"('C', 0.1, 64, 4.0)",0.5,0.4
case_026,3,3,99203,36679,36679,2.7046,859716,0,0.19988726837173254,120,33041.166666666664,"('C', 0.1, 64, 2.0)",0.5,0.4
case_026,3,4,99203,32482,32482,3.0541,826912,16384,0.03649262436273669,145,29668.96544384741,p2_plan,0.7,0.5
case_026,3,5,99203,29182,29182,3.3995,954224,8192,0.16150796596266245,145,26267.69761452979,"('C', 0.1, 64, 4.0)",0.5,0.5
case_027,1,1,2363952,2363952,2363952,1.0,1400832,1400832,,1,2230623.9400988915,"('A', 0.25, 16, 2.0)",1.4,0.0
case_027,1,2,2363952,1120962,1120962,2.1089,1744896,638976,,2,1123741.2715018238,"('A', 0.25, 16, 2.0)",1.6,1.5
case_027,1,3,2363952,855759,855759,2.7624,17602560,0,,14,782176.26666667,"('A', 0.1, 16, 2.0, 4)",1.8,2.0
case_027,1,4,2363952,559196,559196,4.2274,3317760,0,,4,581103.4666666668,"('A', 0.25, 16, 2.0)",1.9,1.2
case_027,1,5,2363952,559196,582664,4.2274,3317760,0,,4,581103.4666666668,prev_n4,2.3,2.4
case_027,2,1,2363952,2363952,2363952,1.0,1400832,1400832,,16,2230623.9400988915,"('B', 0.1, 16, 8.0)",1.3,1.3
case_027,2,2,2363952,1120962,1120962,2.1089,1744896,638976,,16,1123741.2715018238,"('B', 0.25, 64, 8.0)",1.4,1.3
case_027,2,3,2363952,851585,851585,2.7759,13877248,2482176,,509,763213.4235638367,"('B', 0.1, 64, 8.0)",2.1,1.4
case_027,2,4,2363952,652801,652801,3.6212,13049856,0,,590,560197.0666666668,"('B', 0.1, 64, 8.0)",1.9,1.5
case_027,2,5,2363952,564530,564530,4.1875,17659904,0,,626,449082.39999999997,"('B', 0.1, 64, 2.0)",2.2,1.5
case_027,3,1,2363952,2359515,2359515,1.0019,1400832,1400832,0.2689393939393939,16,2230623.9400988915,"('C', 0.1, 64, 4.0)",1.5,1.0
case_027,3,2,2363952,1120962,1120962,2.1089,1744896,638976,0.08904109589041095,16,1123536.1844060647,"('C', 0.25, 64, 2.0)",2.2,1.1
case_027,3,3,2363952,851379,853173,2.7766,13877248,2482176,0.03638443935926773,509,763213.4235638367,p2_plan,2.1,3.0
case_027,3,4,2363952,652557,652557,3.6226,14524416,0,0.15671641791044777,590,560197.0666666668,"('C', 0.1, 64, 4.0)",1.8,1.5
case_027,3,5,2363952,537078,537078,4.4015,17940480,0,0.2917851500789889,622,448911.73333333334,"('C', 0.1, 64, 4.0)",2.4,1.8
case_028,1,1,43836040,43825399,43825399,1.0002,281129976,248902776,,16,41429611.32609619,"('A', 0.25, 16, 2.0, 16)",21.1,30.5
case_028,1,2,43836040,23991348,23991348,1.8272,279964728,213361848,,32,21555878.77354408,"('A', 0.25, 16, 2.0, 16)",19.9,20.0
case_028,1,3,43836040,17357772,17357772,2.5254,278658000,197015760,,39,15062415.766548874,"('A', 0.25, 16, 2.0, 16)",20.5,17.1
case_028,1,4,43836040,14317038,14317038,3.0618,278784648,169212168,,52,11964231.929915374,"('A', 0.25, 16, 2.0, 16)",20.2,15.6
case_028,1,5,43836040,11427204,11427204,3.8361,291085560,125652600,,78,9852491.71180651,"('A', 0.25, 16, 2.0, 16)",21.9,14.8
case_028,2,1,43836040,43836040,43836040,1.0,277412256,277412256,,51,41468244.83089383,"('B', 0.1, 16, 8.0)",17.3,43.1
case_028,2,2,43836040,23638628,23638628,1.8544,277473600,275325120,,153,21813034.241828114,"('B', 0.1, 16, 8.0)",15.4,27.6
case_028,2,3,43836040,16770711,16770711,2.6138,277369056,273072096,,153,15566334.538870497,"('B', 0.1, 16, 1.0)",15.0,21.9
case_028,2,4,43836040,13608312,13608312,3.2213,277760640,271315200,,153,12872650.854817096,"('B', 0.1, 16, 8.0)",16.6,20.0
case_028,2,5,43836040,11491035,11491035,3.8148,277818912,269224992,,153,11396224.162277354,"('B', 0.1, 16, 1.0)",18.4,21.8
case_028,3,1,43836040,43836040,43836040,1.0,277412256,277412256,0.0,51,41468244.83089383,"('C', 0.1, 64, 4.0)",20.7,51.3
case_028,3,2,43836040,23615145,23615145,1.8563,277473600,275325120,0.0047431470336763695,153,21813034.241828114,"('C', 0.1, 64, 4.0)",16.3,25.1
case_028,3,3,43836040,16770711,16770711,2.6138,277369056,273072096,0.0,153,15566334.538870497,"('C', 0.1, 64, 4.0)",18.8,22.3
case_028,3,4,43836040,13585418,13585418,3.2267,277760640,271315200,0.0026682384304864775,153,12872650.854817096,"('C', 0.1, 64, 4.0)",18.2,21.4
case_028,3,5,43836040,11450794,11450794,3.8282,277818912,269224992,0.010627459809132753,153,11396224.162277354,"('C', 0.1, 64, 4.0)",19.2,20.5
case_029,1,1,37555,37555,37555,1.0,0,0,,1,37655.666666666664,"('A', 0.25, 16, 2.0)",1.0,0.0
case_029,1,2,37555,19740,19740,1.9025,0,0,,2,19805.666666666664,"('A', 0.25, 16, 2.0)",0.9,0.8
case_029,1,3,37555,12743,12743,2.9471,0,0,,3,13075.4,"('A', 0.25, 16, 2.0)",1.0,0.6
case_029,1,4,37555,11028,11028,3.4054,0,0,,4,10880.666666666666,"('A', 0.25, 16, 2.0)",0.9,0.9
case_029,1,5,37555,9383,9383,4.0025,0,0,,5,9095.666666666666,"('A', 0.25, 16, 2.0)",1.1,0.6
case_029,2,1,37555,37555,37555,1.0,0,0,,21,37655.666666666664,"('B', 0.1, 16, 8.0)",0.7,0.6
case_029,2,2,37555,19740,19740,1.9025,0,0,,21,19805.666666666664,"('B', 0.1, 16, 8.0)",0.7,0.6
case_029,2,3,37555,12743,12743,2.9471,0,0,,21,13075.4,"('B', 0.25, 64, 8.0)",1.0,0.7
case_029,2,4,37555,11028,11028,3.4054,0,0,,21,10880.666666666666,"('B', 0.25, 64, 8.0)",0.8,0.6
case_029,2,5,37555,9383,9383,4.0025,0,0,,21,9095.666666666666,"('B', 0.25, 64, 8.0)",1.0,0.4
case_029,3,1,37555,37555,37555,1.0,0,0,0.0,21,37655.666666666664,"('C', 0.1, 64, 4.0)",0.9,0.9
case_029,3,2,37555,19740,19740,1.9025,0,0,0.0,21,19805.666666666664,"('C', 0.1, 64, 4.0)",0.9,0.5
case_029,3,3,37555,12743,12743,2.9471,0,0,0.0,21,13075.4,"('C', 0.25, 64, 2.0)",0.9,0.6
case_029,3,4,37555,11028,11028,3.4054,0,0,0.0,21,10880.666666666666,"('C', 0.25, 64, 2.0)",1.2,0.6
case_029,3,5,37555,9383,9383,4.0025,0,0,0.0,21,9095.666666666666,"('C', 0.25, 64, 2.0)",1.0,0.6
case_030,1,1,2808034,2819264,2819264,0.996,4720640,2359296,,4,2780581.5758934678,"('A', 0.1, 16, 2.0, 4)",10.7,22.6
case_030,1,2,2808034,1394075,1394075,2.0143,10951680,57344,,16,1395159.13671085,"('A', 0.1, 16, 2.0, 8)",10.8,12.3
case_030,1,3,2808034,931940,931940,3.0131,9491456,330752,,12,934022.5627000645,"('A', 0.1, 16, 2.0, 4)",12.3,25.2
case_030,1,4,2808034,701678,701678,4.0019,11815936,57344,,16,700787.6727611587,"('A', 0.1, 16, 2.0, 4)",11.3,16.3
case_030,1,5,2808034,561875,561875,4.9976,13496320,0,,20,563171.7000000001,"('A', 0.1, 16, 2.0, 4)",15.0,21.0
case_030,2,1,2808034,2815372,2815372,0.9974,3399680,3399680,,44,2779281.8556813383,"('B', 0.1, 16, 8.0)",7.4,10.0
case_030,2,2,2808034,1405595,1405595,1.9978,4145152,2372608,,88,1394835.6634057243,"('B', 0.1, 16, 8.0)",7.2,7.0
case_030,2,3,2808034,938543,938543,2.9919,4818944,1594368,,135,934597.8449962602,"('B', 0.1, 16, 8.0)",8.9,7.8
case_030,2,4,2808034,706974,706974,3.9719,5128192,757760,,213,702818.0778944101,"('B', 0.1, 16, 8.0)",6.7,5.8
case_030,2,5,2808034,572505,572505,4.9048,5060608,250880,,246,563561.8743561853,"('B', 0.1, 16, 8.0)",7.1,5.7
case_030,3,1,2808034,2814460,2814460,0.9977,3399680,3399680,0.5783984444051617,44,2779281.8556813383,"('C', 0.1, 64, 4.0)",7.5,9.1
case_030,3,2,2808034,1404599,1404599,1.9992,4145152,2372608,0.6283476898981989,88,1394835.6634057243,p2_plan,8.9,6.8
case_030,3,3,2808034,937726,937726,2.9945,4818944,1594368,0.6517109186426239,135,934597.8449962602,p2_plan,9.9,8.1
case_030,3,4,2808034,702545,702545,3.9969,7444480,1894400,0.7452898927865098,212,702756.4293021319,"('C', 0.25, 16, 8.0)",10.9,5.5
case_030,3,5,2808034,572468,572468,4.9051,5060608,250880,0.6429454595411458,246,563561.8743561853,p2_plan,10.3,6.2
case_031,1,1,1414369,1410590,1410590,1.0027,4641792,586752,,4,1405185.1853942703,"('A', 0.1, 16, 2.0, 4)",6.5,8.8
case_031,1,2,1414369,705542,705542,2.0047,8894976,0,,15,707486.0000000001,"('A', inf, 16, 0.0, 8)",6.5,7.6
case_031,1,3,1414369,475820,475820,2.9725,10626048,0,,21,476022.30000000075,"('A', inf, 16, 0.0, 8)",7.7,5.5
case_031,1,4,1414369,360996,360996,3.918,12112896,0,,28,360852.333333334,"('A', inf, 16, 0.0, 8)",7.6,5.4
case_031,1,5,1414369,293444,293444,4.8199,12086784,0,,30,292196.1333333336,"('A', inf, 16, 0.0, 8)",8.0,7.7
case_031,2,1,1414369,1413513,1413513,1.0006,3222528,3222528,,40,1406625.1434069863,"('B', 0.1, 16, 8.0)",4.8,3.3
case_031,2,2,1414369,706178,706178,2.0029,5015590,3035616,,445,710044.9312213572,"('B', 0.1, 16, 8.0)",5.1,2.7
case_031,2,3,1414369,480205,480205,2.9453,5022796,1878720,,518,483704.43780676025,"('B', 0.1, 16, 8.0)",5.3,3.4
case_031,2,4,1414369,365128,365128,3.8736,5618834,1856032,,605,375417.4049036158,"('B', 0.1, 16, 8.0)",5.7,4.8
case_031,2,5,1414369,289338,289338,4.8883,6183936,1370112,,89,302637.8654895482,"('B', 1.0, 16, 4.0)",7.4,3.6
case_031,3,1,1414369,1412508,1412508,1.0013,3222528,3222528,0.20736227814448044,40,1406625.1434069863,"('C', 0.1, 64, 4.0)",7.3,4.6
case_031,3,2,1414369,705467,705467,2.0049,5015590,3035616,0.35828532270610397,445,710044.9312213572,p2_plan,6.8,4.6
case_031,3,3,1414369,479961,479961,2.9468,5022796,1878720,0.36313447518705005,518,483704.43780676025,p2_plan,6.1,2.9
case_031,3,4,1414369,361357,361357,3.914,6840850,1980000,0.43409634141749964,608,368094.9715184478,"('C', 0.25, 16, 8.0)",7.7,4.4
case_031,3,5,1414369,289158,296012,4.8913,6183936,1370112,0.4349893819344237,89,302637.8654895482,p2_plan,7.3,8.0
case_032,1,1,41443,41443,41443,1.0,0,0,,1,34512.299999999996,"('A', 0.1, 64, 1.0)",0.9,0.0
case_032,1,2,41443,24256,24256,1.7086,6216,0,,2,18016.3,"('A', 1.0, 16, 2.0)",0.8,0.9
case_032,1,3,41443,16534,16534,2.5065,6216,0,,3,12574.966666666667,"('A', 1.0, 16, 0.0)",1.0,1.3
case_032,1,4,41443,12281,12281,3.3746,6216,0,,4,10041.3,"('A', 1.0, 16, 2.0)",1.7,0.9
case_032,1,5,41443,10623,10623,3.9013,174208,0,,13,9051.733333333334,"('A', 1.0, 16, 2.0)",1.4,0.8
case_032,2,1,41443,34660,34660,1.1957,0,0,,34,34512.299999999996,"('B', 0.1, 16, 8.0)",1.1,0.7
case_032,2,2,41443,18401,18401,2.2522,6216,0,,25,18016.3,"('B', 1.0, 64, 0.0)",0.9,0.5
case_032,2,3,41443,12591,12591,3.2915,6216,0,,25,12574.966666666667,"('B', 1.0, 64, 0.0)",0.9,0.9
case_032,2,4,41443,10250,10250,4.0432,6216,0,,25,10041.3,"('B', 1.0, 64, 0.0)",1.1,0.6
case_032,2,5,41443,9592,9592,4.3206,161976,0,,76,9116.499999999998,"('B', 1.0, 64, 0.0)",1.2,0.7
case_032,3,1,41443,34660,35350,1.1957,0,0,0.0,34,34512.299999999996,p2_plan,0.9,1.1
case_032,3,2,41443,18401,18401,2.2522,6216,0,0.0217820949497498,25,18016.3,"('C', 1.0, 64, 0.0)",1.1,0.5
case_032,3,3,41443,12591,12591,3.2915,6216,0,0.0217820949497498,25,12574.966666666667,"('C', 1.0, 64, 0.0)",1.2,0.7
case_032,3,4,41443,10250,10250,4.0432,6216,0,0.0217820949497498,25,10041.3,"('C', 1.0, 64, 0.0)",1.2,0.5
case_032,3,5,41443,9592,10130,4.3206,161976,0,0.18118276854704307,76,9116.499999999998,p2_plan,1.2,1.3
case_033,1,1,1774196,1774196,1774196,1.0,4592640,4592640,,1,1739467.8460539044,single,3.3,0.0
case_033,1,2,1774196,882842,882842,2.0096,7628832,93696,,8,886375.2833942678,"('A', 0.1, 16, 2.0, 4)",4.6,7.3
case_033,1,3,1774196,591889,591889,2.9975,9262656,0,,12,596905.9666666669,"('A', 0.1, 16, 2.0, 4)",5.1,4.5
case_033,1,4,1774196,450711,450711,3.9364,10676832,0,,16,453519.3000000003,"('A', 0.1, 16, 2.0, 4)",5.3,4.9
case_033,1,5,1774196,367651,367651,4.8258,10668672,0,,22,364471.9333333333,"('A', 0.1, 16, 2.0, 4)",3.7,3.9
case_033,2,1,1774196,1774196,1774196,1.0,4592640,4592640,,1,1739467.8460539044,single,2.5,2.0
case_033,2,2,1774196,892367,892367,1.9882,5584416,3672576,,61,893620.6735024671,"('B', 0.1, 16, 8.0)",2.9,2.1
case_033,2,3,1774196,596024,596024,2.9767,6069312,2743296,,67,605511.8962639192,"('B', 0.1, 16, 1.0)",3.4,1.9
case_033,2,4,1774196,458943,458943,3.8658,5591136,1509888,,81,457989.25421887985,"('B', 0.1, 16, 8.0)",3.8,1.7
case_033,2,5,1774196,379168,379168,4.6792,6199424,1069056,,102,367538.8595183756,"('B', 0.1, 64, 8.0)",3.6,2.1
case_033,3,1,1774196,1774080,1774080,1.0001,4592640,4592640,0.09627692445862406,1,1739467.8460539044,single,4.5,2.5
case_033,3,2,1774196,892241,895602,1.9885,5584416,3672576,0.28052798426091835,61,893620.6735024671,p2_plan,2.4,5.3
case_033,3,3,1774196,593495,593495,2.9894,6067776,2741760,0.34953121120591873,67,602015.582532531,"('C', 0.1, 64, 2.0)",2.7,2.3
case_033,3,4,1774196,458329,458329,3.871,6568032,1970688,0.3741924132949199,82,457499.793256246,"('C', 0.25, 16, 8.0)",3.4,2.4
case_033,3,5,1774196,360581,360581,4.9204,7196800,1460736,0.37544337283175216,102,364758.9181529477,"('C', 0.1, 64, 2.0)",2.8,2.4
case_034,1,1,842996,842996,842996,1.0,1079832,1079832,,1,773512.5740254462,"('A', 0.25, 16, 2.0)",4.7,0.0
case_034,1,2,842996,420282,420282,2.0058,1577472,514048,,2,395219.4988116384,"('A', 1.0, 64, 8.0)",4.9,16.9
case_034,1,3,842996,278959,278959,3.0219,1788928,134144,,3,267489.8148808716,"('A', 1.0, 64, 8.0)",4.5,14.9
case_034,1,4,842996,216666,216666,3.8908,2405888,57344,,4,203511.01197877515,"('A', 0.25, 16, 4.0)",5.9,11.6
case_034,1,5,842996,176193,176193,4.7845,3129344,32768,,5,165844.82434371952,"('A', 0.25, 16, 2.0)",4.9,9.5
case_034,2,1,842996,835679,835679,1.0088,110080,110080,,44,772059.3940347378,"('B', 0.1, 16, 8.0)",2.9,2.2
case_034,2,2,842996,411960,411960,2.0463,1063424,0,,99,393539.76666666666,"('B', 0.1, 16, 8.0)",2.7,1.9
case_034,2,3,842996,274321,274321,3.073,2138112,0,,111,266572.8333333334,"('B', 0.1, 16, 1.0)",2.6,2.0
case_034,2,4,842996,208010,208010,4.0527,2348544,0,,147,203069.90000000002,"('B', 1.0, 16, 4.0)",2.5,2.4
case_034,2,5,842996,172857,172857,4.8768,3391488,0,,148,165487.76666666666,"('B', 0.1, 16, 1.0)",2.7,2.2
case_034,3,1,842996,835575,835575,1.0089,110080,110080,0.04605734407112111,44,772059.3940347378,"('C', 0.1, 64, 4.0)",3.0,2.5
case_034,3,2,842996,411960,411960,2.0463,1198592,0,0.3445639825031852,99,393539.76666666666,"('C', 0.1, 64, 4.0)",2.8,2.6
case_034,3,3,842996,274321,274321,3.073,2211840,0,0.4896790257142755,111,266555.8333333334,"('C', 0.1, 64, 4.0)",4.0,3.0
case_034,3,4,842996,207418,207418,4.0642,2348544,0,0.5051938758931566,147,203069.90000000002,p2_plan,5.5,2.0
case_034,3,5,842996,169816,169816,4.9642,3360768,0,0.5689340712018539,148,165487.76666666666,"('C', 0.1, 64, 4.0)",5.4,2.3
case_035,1,1,169571,169571,169571,1.0,0,0,,1,169725.99999999997,single,5.8,0.0
case_035,1,2,169571,95406,95406,1.7774,0,0,,2,95386.2,"('A', inf, 16, 0.0)",4.8,9.3
case_035,1,3,169571,91379,91379,1.8557,771360,0,,76,86953.3,"('A', 0.25, 16, 1.0)",4.0,3.7
case_035,1,4,169571,87296,87296,1.9425,914140,0,,116,82758.20000000001,"('A', 1.0, 16, 2.0)",4.4,3.0
case_035,1,5,169571,87296,88785,1.9425,914140,0,,116,82758.20000000001,prev_n4,5.7,3.4
case_035,2,1,169571,169571,169571,1.0,0,0,,1,169725.99999999997,single,3.7,1.6
case_035,2,2,169571,99924,99924,1.697,389482,0,,440,89592.03333333334,"('B', 0.1, 16, 8.0)",4.2,3.5
case_035,2,3,169571,99924,105307,1.697,389482,0,,440,89592.03333333334,prev_n2,2.9,2.4
case_035,2,4,169571,96489,96489,1.7574,1114866,0,,620,58356.46666666665,"('B', 1.0, 64, 0.0)",3.2,2.6
case_035,2,5,169571,91346,91346,1.8564,1093592,0,,625,52098.83333333337,"('B', 1.0, 64, 0.0)",3.4,2.9
case_035,3,1,169571,169571,169571,1.0,0,0,0.0,1,169725.99999999997,single,3.0,1.9
case_035,3,2,169571,99917,99917,1.6971,389482,0,0.03487263632347617,440,89592.03333333334,p2_plan,3.2,2.6
case_035,3,3,169571,99917,105415,1.6971,389482,0,0.03487263632347617,440,89592.03333333334,prev_n2,3.5,2.5
case_035,3,4,169571,96355,96355,1.7599,1114866,0,0.14063518844548775,620,58356.46666666665,p2_plan,3.7,3.0
case_035,3,5,169571,88682,88682,1.9121,922584,0,0.1511029801078309,609,51363.75866666667,"('C', 1.0, 16, 1.0)",4.0,2.5
case_036,1,1,931510,931510,931510,1.0,0,0,,1,931507.7333333334,"('A', 0.25, 16, 2.0)",2.6,0.0
case_036,1,2,931510,466068,466068,1.9987,1152,0,,2,465995.2,"('A', 0.25, 16, 2.0)",2.1,3.7
case_036,1,3,931510,311345,311345,2.9919,2304,0,,3,311183.2,"('A', 0.25, 16, 2.0)",2.2,3.1
case_036,1,4,931510,233584,233584,3.9879,3456,0,,4,233370.13333333333,"('A', 0.25, 16, 2.0)",2.4,2.6
case_036,1,5,931510,187182,187182,4.9765,4608,0,,5,186897.59999999998,"('A', 0.25, 16, 2.0)",2.8,2.2
case_036,2,1,931510,931510,931510,1.0,0,0,,40,931507.7333333334,"('B', 0.1, 16, 8.0)",2.1,1.9
case_036,2,2,931510,466068,466068,1.9987,1152,0,,80,465995.2,"('B', 0.1, 16, 8.0)",2.0,1.8
case_036,2,3,931510,311345,311345,2.9919,2304,0,,135,311183.2,"('B', 0.1, 16, 8.0)",2.8,2.6
case_036,2,4,931510,233584,233584,3.9879,3456,0,,160,233370.13333333333,"('B', 0.1, 16, 8.0)",4.0,1.5
case_036,2,5,931510,187182,187182,4.9765,4608,0,,200,186897.59999999998,"('B', 0.1, 16, 8.0)",2.8,1.7
case_036,3,1,931510,931510,931510,1.0,0,0,0.0,40,931507.7333333334,"('C', 0.1, 64, 4.0)",3.6,2.0
case_036,3,2,931510,466068,466068,1.9987,1152,0,0.0,80,465995.2,"('C', 0.1, 64, 4.0)",2.9,2.6
case_036,3,3,931510,311345,311345,2.9919,2304,0,0.0,135,311183.2,"('C', 0.1, 64, 4.0)",2.3,1.8
case_036,3,4,931510,233584,233584,3.9879,3456,0,0.0,160,233370.13333333333,"('C', 0.1, 64, 4.0)",2.2,1.6
case_036,3,5,931510,187182,187182,4.9765,4608,0,0.0,200,186897.59999999998,"('C', 0.1, 64, 4.0)",2.3,1.9
case_037,1,1,210001,210001,210001,1.0,0,0,,1,209998.66666666666,"('A', 0.25, 16, 2.0)",1.1,0.0
case_037,1,2,210001,105374,105374,1.9929,204800,0,,2,107246.66666666666,"('A', 0.25, 16, 2.0)",1.0,0.8
case_037,1,3,210001,74038,74038,2.8364,901120,0,,3,75806.66666666666,"('A', 0.25, 16, 2.0)",1.2,0.9
case_037,1,4,210001,53320,53320,3.9385,614400,0,,4,58942.66666666667,"('A', 0.25, 16, 2.0)",1.4,0.9
case_037,1,5,210001,43800,43800,4.7945,1925120,0,,5,50746.400000000285,"('A', 0.25, 16, 1.0)",1.8,0.9
case_037,2,1,210001,210001,210001,1.0,0,0,,20,209998.66666666666,"('B', 0.1, 16, 8.0)",1.0,0.6
case_037,2,2,210001,105374,105374,1.9929,204800,0,,20,107246.66666666666,"('B', 0.1, 16, 8.0)",1.0,0.7
case_037,2,3,210001,80110,80110,2.6214,2275328,0,,281,71144.53333333333,"('B', 0.1, 64, 2.0)",1.1,1.0
case_037,2,4,210001,53748,53748,3.9071,2088960,0,,300,53105.86666666667,"('B', 0.1, 16, 8.0)",1.5,0.9
case_037,2,5,210001,46470,46470,4.5191,1310720,0,,320,45650.666666666664,"('B', 0.1, 64, 8.0)",1.1,0.5
case_037,3,1,210001,210001,210001,1.0,0,0,0.0,20,209998.66666666666,"('C', 0.1, 64, 4.0)",0.8,0.6
case_037,3,2,210001,105374,105374,1.9929,204800,0,0.0,20,107246.66666666666,"('C', 0.1, 64, 4.0)",0.7,0.7
case_037,3,3,210001,79860,79860,2.6296,2543616,0,0.3352165725047081,281,71144.53333333333,"('C', 0.1, 64, 4.0)",1.2,1.2
case_037,3,4,210001,53477,53477,3.9269,2088960,0,0.0425,300,53105.86666666667,"('C', 0.1, 16, 1.0)",1.2,0.9
case_037,3,5,210001,46470,46470,4.5191,1310720,0,0.0,320,45650.666666666664,"('C', 0.1, 64, 4.0)",1.3,0.9
case_038,1,1,1364555,1364555,1364555,1.0,5627904,5627904,,1,1342482.8084681665,single,6.9,0.0
case_038,1,2,1364555,677988,677988,2.0127,6995456,177152,,8,676397.702026184,"('A', 0.1, 16, 2.0, 4)",8.0,10.2
case_038,1,3,1364555,458681,458681,2.975,8693760,15360,,12,454892.30369751237,"('A', 0.1, 16, 2.0, 4)",6.8,9.9
case_038,1,4,1364555,345087,345087,3.9542,9936384,0,,16,344726.2,"('A', 0.1, 16, 2.0, 4)",8.3,10.3
case_038,1,5,1364555,291797,291797,4.6764,10283520,0,,20,279630.76666666765,"('A', 0.1, 16, 2.0, 4)",8.5,10.1
case_038,2,1,1364555,1364555,1364555,1.0,5627904,5627904,,1,1342482.8084681665,single,5.6,3.8
case_038,2,2,1364555,680831,680831,2.0042,3396096,1580544,,108,679162.0403774922,"('B', 0.1, 16, 8.0)",4.6,3.3
case_038,2,3,1364555,458304,458304,2.9774,4154880,724992,,111,456667.88869553903,"('B', 0.1, 16, 8.0)",5.4,2.7
case_038,2,4,1364555,345955,345955,3.9443,5902848,365568,,114,344954.95711730554,"('B', 0.1, 64, 2.0)",4.9,2.9
case_038,2,5,1364555,280344,280344,4.8674,5892096,64512,,115,276898.61375870905,"('B', 1.0, 16, 4.0)",6.3,2.8
case_038,3,1,1364555,1363312,1363312,1.0009,5627904,5627904,0.1736168151396097,1,1342482.8084681665,single,6.5,2.7
case_038,3,2,1364555,680106,680106,2.0064,3396096,1580544,0.4218006584820022,108,679162.0403774922,p2_plan,5.4,3.0
case_038,3,3,1364555,453743,453743,3.0073,5154816,1010688,0.542379840695848,111,455721.7825567905,"('C', 0.25, 16, 8.0)",5.5,2.6
case_038,3,4,1364555,340477,340477,4.0078,6054912,588288,0.539631419828965,114,343617.55490419595,"('C', 0.1, 64, 4.0)",5.8,2.7
case_038,3,5,1364555,278389,278389,4.9016,7165952,32768,0.6363209402619839,115,275406.1620288935,"('C', 0.1, 64, 2.0)",5.8,2.7
case_039,1,1,1435262,1384626,1384626,1.0366,13541376,0,,14,1384598.9333333338,"('A', 0.25, 16, 2.0, 16)",6.1,5.0
case_039,1,2,1435262,694188,694188,2.0675,15097856,0,,14,700100.1333333352,"('A', 0.1, 16, 2.0, 8)",7.0,3.7
case_039,1,3,1435262,488665,488665,2.9371,18677760,0,,24,482742.9333333333,"('A', 0.1, 16, 2.0, 8)",6.4,4.3
case_039,1,4,1435262,415119,415119,3.4575,16588800,712704,,16,402835.7781133351,"('A', 0.1, 16, 2.0, 4)",6.7,7.3
case_039,1,5,1435262,358418,358418,4.0044,15003648,1617920,,5,349097.2000000006,"('A', 0.25, 16, 2.0)",7.4,28.7
case_039,2,1,1435262,1435262,1435262,1.0,7929856,7929856,,70,1402084.7662004754,"('B', 0.1, 16, 8.0)",5.1,5.3
case_039,2,2,1435262,704811,704811,2.0364,9805824,5914624,,70,737538.2136128469,"('B', 0.1, 64, 2.0)",5.9,4.6
case_039,2,3,1435262,481559,481559,2.9804,10317824,3780608,,70,515691.97101768164,"('B', 1.0, 16, 4.0)",5.8,2.9
case_039,2,4,1435262,369708,369708,3.8822,13721600,2670592,,70,414005.8378285821,"('B', 0.1, 64, 2.0)",5.8,3.6
case_039,2,5,1435262,358418,358418,4.0044,15003648,1617920,,70,349097.2000000006,"('B', 0.1, 64, 2.0)",5.0,2.5
case_039,3,1,1435262,1435262,1435262,1.0,7929856,7929856,0.0,70,1402084.7662004754,"('C', 0.1, 64, 4.0)",5.2,5.7
case_039,3,2,1435262,704707,705619,2.0367,9805824,5914624,0.4347953216374269,70,737538.2136128469,p2_plan,6.0,6.7
case_039,3,3,1435262,479725,479725,2.9918,10973184,4124672,0.5004048582995951,70,498328.31629506446,"('C', 0.25, 16, 8.0)",6.3,3.0
case_039,3,4,1435262,367014,367014,3.9106,12800000,2527232,0.5827511443025777,70,382066.3552130684,"('C', 0.25, 16, 8.0)",6.2,3.0
case_039,3,5,1435262,306102,306102,4.6888,15360000,1974272,0.570142378559464,70,307406.9323279283,"('C', 0.1, 64, 4.0)",6.0,2.6
case_040,1,1,253454,253454,253454,1.0,0,0,,1,229967.63333333333,"('A', 1.0, 16, 2.0)",2.9,0.0
case_040,1,2,253454,133150,133150,1.9035,53760,0,,2,120816.63333333335,"('A', 1.0, 16, 2.0)",3.0,4.8
case_040,1,3,253454,110105,110105,2.3019,0,0,,3,110051.76666666668,"('A', inf, 16, 0.0)",3.0,5.0
case_040,1,4,253454,110105,119931,2.3019,0,0,,3,110051.76666666668,prev_n3,3.4,2.8
case_040,1,5,253454,102215,102215,2.4796,4037492,0,,172,88170.50000000004,"('A', 0.25, 16, 1.0)",3.7,3.2
case_040,2,1,253454,253502,253502,0.9998,0,0,,14,229967.63333333333,"('B', 1.0, 64, 0.0)",2.5,1.6
case_040,2,2,253454,133325,133325,1.901,53760,0,,26,120816.63333333335,"('B', 1.0, 64, 0.0)",2.1,1.6
case_040,2,3,253454,91380,91380,2.7736,1319490,32774,,584,87330.25262306962,"('B', 0.1, 64, 8.0)",3.0,2.7
case_040,2,4,253454,77103,77103,3.2872,1897234,0,,673,69380.73333333335,"('B', 0.1, 64, 2.0)",4.4,2.2
case_040,2,5,253454,71025,71025,3.5685,1663440,0,,743,58332.83333333333,"('B', 0.1, 64, 2.0)",4.0,1.9
case_040,3,1,253454,253502,253502,0.9998,0,0,0.0,14,229967.63333333333,"('C', 1.0, 64, 0.0)",4.2,1.8
case_040,3,2,253454,133169,133169,1.9033,53760,0,0.05571365502718321,26,120816.63333333335,"('C', 1.0, 64, 0.0)",3.7,1.1
case_040,3,3,253454,90558,102710,2.7988,1319490,32774,0.15356896502169975,584,87330.25262306962,p2_plan,3.9,4.0
case_040,3,4,253454,76188,76188,3.3267,1897234,0,0.2283402892361448,673,69380.73333333335,p2_plan,4.4,2.0
case_040,3,5,253454,64752,64752,3.9142,1898744,0,0.3063456590390794,719,55688.97733333336,"('C', 0.1, 64, 2.0)",4.9,2.2
case_041,1,1,6003957,5950668,5950668,1.009,30001152,4574208,,16,5919857.980483206,"('A', 0.25, 16, 2.0, 16)",23.1,26.5
case_041,1,2,6003957,2960519,2960519,2.028,39472128,248832,,32,2964465.559293373,"('A', 0.25, 16, 2.0, 16)",18.4,23.7
case_041,1,3,6003957,1979290,1979290,3.0334,45201408,0,,48,1984545.4000000008,"('A', 0.25, 16, 2.0, 16)",22.5,29.2
case_041,1,4,6003957,1495301,1495301,4.0152,44405760,147456,,32,1493494.4042160902,"('A', inf, 16, 0.0, 8)",23.7,58.4
case_041,1,5,6003957,1198917,1198917,5.0078,46433280,0,,40,1197943.4666666666,"('A', inf, 16, 0.0, 8)",25.5,49.4
case_041,2,1,6003957,5989320,5989320,1.0024,24385536,24385536,,41,5942945.144119436,"('B', 0.1, 16, 8.0)",15.6,30.2
case_041,2,2,6003957,2990540,2990540,2.0076,25383936,21184512,,90,3027416.7813976966,"('B', 0.1, 16, 8.0)",14.6,20.9
case_041,2,3,6003957,2003824,2003824,2.9962,24698880,17283072,,136,2063315.8320257808,"('B', 0.1, 16, 8.0)",15.2,18.5
case_041,2,4,6003957,1516820,1516820,3.9583,24038400,14244864,,239,1578721.9649003225,"('B', 0.1, 16, 8.0)",16.2,17.1
case_041,2,5,6003957,1219302,1219302,4.9241,24665088,13129728,,268,1303481.5476103358,"('B', 0.1, 16, 8.0)",18.4,16.3
case_041,3,1,6003957,5986974,5986974,1.0028,24385536,24385536,0.17143156351450414,41,5942945.144119436,"('C', 0.1, 64, 4.0)",18.2,34.1
case_041,3,2,6003957,2987682,2987682,2.0096,25383936,21184512,0.2955235973263115,90,3027416.7813976966,p2_plan,19.1,25.6
case_041,3,3,6003957,1997841,1997841,3.0052,25890816,18444288,0.3934654846100209,136,2056302.3325082527,"('C', 0.25, 16, 8.0)",19.3,21.7
case_041,3,4,6003957,1511521,1511521,3.9721,24038400,14244864,0.4083298007630352,239,1578721.9649003225,p2_plan,19.8,20.0
case_041,3,5,6003957,1216282,1216282,4.9363,27343872,13928448,0.4802130898021309,267,1282934.6185608674,"('C', 0.25, 16, 8.0)",20.2,14.6
case_042,1,1,1686740,1656342,1656342,1.0184,8982528,380928,,8,1613572.5808575293,"('A', 0.1, 16, 2.0, 8)",5.3,2.6
case_042,1,2,1686740,835685,835685,2.0184,11268384,0,,16,813429.2333333334,"('A', 0.1, 16, 2.0, 8)",5.2,3.9
case_042,1,3,1686740,561503,561503,3.004,10998336,135168,,12,548774.0146533595,"('A', 0.1, 16, 2.0, 4)",6.0,5.6
case_042,1,4,1686740,421727,421727,3.9996,11773796,0,,16,417749.50000000006,"('A', 0.1, 16, 2.0, 4)",6.1,6.0
case_042,1,5,1686740,340313,340313,4.9564,12521028,0,,20,337328.8666666691,"('A', 0.1, 16, 2.0, 4)",6.9,4.2
case_042,2,1,1686740,1686740,1686740,1.0,6629376,6629376,,1,1618503.2086246894,single,4.3,2.4
case_042,2,2,1686740,852719,852719,1.9781,6276384,4377600,,83,826056.5038847817,"('B', 1.0, 16, 4.0)",3.9,2.5
case_042,2,3,1686740,563582,563582,2.9929,6249024,3065856,,85,562528.580259479,"('B', 1.0, 16, 4.0)",3.8,2.7
case_042,2,4,1686740,438079,438079,3.8503,6027840,2230272,,87,431411.411777634,"('B', 0.25, 64, 8.0)",4.4,2.2
case_042,2,5,1686740,349293,349293,4.829,5872928,1802240,,116,352152.6860889711,"('B', 0.1, 16, 8.0)",4.7,2.1
case_042,3,1,1686740,1675633,1675633,1.0066,6629376,6629376,0.3186917583766532,1,1618503.2086246894,single,4.6,3.4
case_042,3,2,1686740,846409,846409,1.9928,6276384,4377600,0.31325689398484546,83,826056.5038847817,p2_plan,4.6,2.4
case_042,3,3,1686740,563134,570132,2.9953,6249024,3065856,0.44767668661740284,85,562528.580259479,p2_plan,4.6,5.4
case_042,3,4,1686740,435291,435291,3.875,7179840,2537472,0.5372722974943923,87,425910.2237686499,"('C', 0.25, 16, 8.0)",4.9,2.6
case_042,3,5,1686740,349022,352690,4.8328,5872928,1802240,0.4443644177863839,116,352152.6860889711,p2_plan,5.0,5.6
case_043,1,1,677656,677656,677656,1.0,49160,49160,,1,677027.53040635,single,8.5,0.0
case_043,1,2,677656,341984,341984,1.9815,506880,0,,2,343862.4,"('A', 1.0, 16, 2.0)",9.2,78.9
case_043,1,3,677656,268776,268776,2.5213,1306624,16384,,8,268415.18202366045,"('A', inf, 16, 0.0, 8)",11.2,66.4
case_043,1,4,677656,258105,258105,2.6255,9775566,0,,302,231180.3333333333,"('A', 0.25, 16, 1.0)",11.2,10.9
case_043,1,5,677656,236372,236372,2.8669,9722400,0,,331,205866.26666666672,"('A', 0.25, 16, 2.0)",13.3,12.8
case_043,2,1,677656,677656,677656,1.0,49160,49160,,1,677027.53040635,single,8.5,3.5
case_043,2,2,677656,346781,346781,1.9541,3188092,0,,1696,338855.56666666677,"('B', 0.1, 64, 2.0)",8.0,7.8
case_043,2,3,677656,237949,237949,2.8479,5260152,0,,2074,225834.36666666667,"('B', 0.1, 64, 2.0)",8.4,8.9
case_043,2,4,677656,188353,188353,3.5978,4569396,0,,1866,176889.7,"('B', 0.1, 16, 8.0)",10.6,8.3
case_043,2,5,677656,160631,160631,4.2187,4877072,0,,2140,148745.90000000005,"('B', 0.1, 64, 8.0)",8.1,7.1
case_043,3,1,677656,677656,677656,1.0,49160,49160,0.03320740032104811,1,677027.53040635,single,7.0,4.6
case_043,3,2,677656,346564,346564,1.9554,3188092,0,0.20543304652480807,1696,338855.56666666677,p2_plan,7.3,7.4
case_043,3,3,677656,236580,239261,2.8644,5260152,0,0.3015979887079163,2074,225834.36666666667,p2_plan,10.7,18.4
case_043,3,4,677656,185599,188462,3.6512,4569396,0,0.3220939293706514,1866,176889.7,p2_plan,13.7,13.6
case_043,3,5,677656,158489,161738,4.2757,4877072,0,0.3186724310465956,2140,148745.90000000005,p2_plan,13.6,16.8
case_044,1,1,154407,167306,167306,0.9229,5678624,2887424,,4,175541.31723381413,"('A', 0.1, 16, 2.0, 4)",1.4,1.1
case_044,1,2,154407,74104,74104,2.0837,1412512,190464,,9,60546.420274229604,"('A', 0.1, 16, 2.0, 4)",1.5,1.1
case_044,1,3,154407,74104,74104,2.0837,1412512,190464,,9,60546.420274229604,prev_n2,1.5,0.7
case_044,1,4,154407,74104,74104,2.0837,1412512,190464,,9,60546.420274229604,prev_n3,1.8,0.7
case_044,1,5,154407,74104,74104,2.0837,1412512,190464,,9,60546.420274229604,prev_n4,1.8,1.0
case_044,2,1,154407,154407,154407,1.0,4438112,4438112,,11,179181.22722942985,"('B', 0.1, 16, 8.0)",1.2,0.8
case_044,2,2,154407,49114,49114,3.1438,558688,0,,258,48940.933333333334,"('B', 0.1, 16, 1.0)",1.2,1.0
case_044,2,3,154407,40351,40351,3.8266,352192,0,,237,39609.0,"('B', 0.25, 16, 2.0)",1.6,1.3
case_044,2,4,154407,35579,35579,4.3398,381216,0,,248,35933.26666666666,"('B', 0.25, 16, 2.0)",1.5,1.0
case_044,2,5,154407,34963,34963,4.4163,464000,0,,255,33953.73333333333,"('B', 0.25, 16, 2.0)",1.1,0.8
case_044,3,1,154407,107814,107814,1.4322,4438112,4438112,0.8199885718367201,11,179181.22722942985,"('C', 0.1, 64, 4.0)",0.8,0.9
case_044,3,2,154407,49058,50062,3.1474,558688,0,0.08781196995396172,258,48940.933333333334,p2_plan,1.1,1.8
case_044,3,3,154407,37823,37823,4.0824,724416,0,0.2207382372701916,249,38044.6,"('C', 0.1, 64, 2.0)",1.2,0.9
case_044,3,4,154407,33399,33399,4.6231,611360,0,0.2551132521974307,255,35390.64,"('C', 0.1, 64, 2.0)",1.1,0.8
case_044,3,5,154407,33399,34673,4.6231,611360,0,0.2551132521974307,255,35390.64,prev_n4,1.1,0.8
case_045,1,1,125614,125614,125614,1.0,0,0,,1,125612.53333333333,"('A', 0.25, 16, 2.0)",1.3,0.0
case_045,1,2,125614,63059,63059,1.992,0,0,,2,62988.53333333333,"('A', 0.25, 16, 2.0)",1.5,1.4
case_045,1,3,125614,42601,42601,2.9486,0,0,,3,42529.06666666667,"('A', 0.25, 16, 2.0)",1.7,1.2
case_045,1,4,125614,31878,31878,3.9405,0,0,,4,31706.13333333333,"('A', 0.25, 16, 2.0)",1.7,0.9
case_045,1,5,125614,26164,26164,4.801,0,0,,5,26021.6,"('A', 0.25, 16, 2.0)",1.8,0.7
case_045,2,1,125614,125614,125614,1.0,0,0,,68,125612.53333333333,"('B', 0.1, 16, 8.0)",1.3,1.0
case_045,2,2,125614,63059,63059,1.992,0,0,,68,62988.53333333333,"('B', 0.1, 16, 8.0)",1.2,0.7
case_045,2,3,125614,42601,42601,2.9486,0,0,,68,42529.06666666667,"('B', 0.1, 16, 8.0)",1.2,1.1
case_045,2,4,125614,31878,31878,3.9405,0,0,,68,31706.13333333333,"('B', 0.1, 16, 8.0)",2.0,1.0
case_045,2,5,125614,26164,26164,4.801,0,0,,68,26021.6,"('B', 0.1, 16, 8.0)",1.2,0.7
case_045,3,1,125614,125614,125614,1.0,0,0,0.0,68,125612.53333333333,"('C', 0.1, 64, 4.0)",1.6,0.7
case_045,3,2,125614,63059,63059,1.992,0,0,0.0,68,62988.53333333333,"('C', 0.1, 64, 4.0)",1.3,0.6
case_045,3,3,125614,42601,42601,2.9486,0,0,0.0,68,42529.06666666667,"('C', 0.1, 64, 4.0)",1.6,0.6
case_045,3,4,125614,31878,31878,3.9405,0,0,0.0,68,31706.13333333333,"('C', 0.1, 64, 4.0)",1.2,0.9
case_045,3,5,125614,26164,26164,4.801,0,0,0.0,68,26021.6,"('C', 0.1, 64, 4.0)",1.4,0.6
case_046,1,1,276455,232666,232666,1.1882,343040,0,,4,218553.86666666667,"('A', 0.1, 16, 2.0, 4)",1.2,0.7
case_046,1,2,276455,135440,135440,2.0412,1323616,0,,9,115166.80000000003,"('A', 0.1, 16, 2.0, 4)",1.3,0.6
case_046,1,3,276455,115803,115803,2.3873,2835776,0,,38,100367.06666666671,"('A', 0.1, 16, 2.0, 8)",1.4,0.7
case_046,1,4,276455,113366,113366,2.4386,3558816,0,,37,94804.5333333334,"('A', 0.1, 16, 2.0, 4)",1.6,0.8
case_046,1,5,276455,113366,113366,2.4386,3558816,0,,37,94804.5333333334,prev_n4,1.6,0.9
case_046,2,1,276455,216299,216299,1.2781,0,0,,45,216017.86666666667,"('B', 0.1, 16, 8.0)",1.0,0.7
case_046,2,2,276455,110355,110355,2.5051,1179232,0,,115,110137.86666666668,"('B', 0.1, 16, 1.0)",1.0,0.9
case_046,2,3,276455,82026,82026,3.3703,481472,0,,185,83894.53333333334,"('B', 0.1, 16, 8.0)",1.2,0.9
case_046,2,4,276455,67382,67382,4.1028,530208,0,,188,69052.66666666666,"('B', 0.1, 16, 8.0)",1.4,1.0
case_046,2,5,276455,67382,70394,4.1028,530208,0,,188,69052.66666666666,prev_n4,1.3,0.6
case_046,3,1,276455,216299,216299,1.2781,0,0,0.0,45,216017.86666666667,"('C', 0.1, 64, 4.0)",0.9,0.6
case_046,3,2,276455,110355,110530,2.5051,1179232,0,0.15173360796429797,115,110137.86666666668,p2_plan,1.0,1.7
case_046,3,3,276455,82026,92147,3.3703,481472,0,0.13088740893900416,185,83894.53333333334,p2_plan,1.4,1.7
case_046,3,4,276455,66748,66748,4.1418,1010464,0,0.33713587288653496,188,67689.99999999999,"('C', 0.25, 16, 8.0)",1.4,0.9
case_046,3,5,276455,66748,67641,4.1418,1010464,0,0.33713587288653496,188,67689.99999999999,prev_n4,1.3,1.0
case_047,1,1,326508,326508,326508,1.0,0,0,,1,303575.6,"('A', 0.25, 16, 2.0)",12.2,0.0
case_047,1,2,326508,242469,242469,1.3466,3202884,0,,155,229467.2666666667,"('A', 1.0, 16, 0.0)",12.9,13.2
case_047,1,3,326508,175660,175660,1.8587,3762690,0,,300,165027.03333333338,"('A', 0.25, 16, 4.0)",17.9,17.0
case_047,1,4,326508,156679,156679,2.0839,4121944,0,,389,143777.0666666665,"('A', 0.25, 16, 1.0)",18.9,17.6
case_047,1,5,326508,141314,141314,2.3105,4249020,0,,529,124438.10000000038,"('A', 0.25, 16, 2.0, 16)",20.3,21.0
case_047,2,1,326508,316840,316840,1.0305,0,0,,41,303575.6,"('B', 0.1, 16, 8.0)",12.2,13.6
case_047,2,2,326508,159126,159126,2.0519,2272902,0,,3284,156756.53333333335,"('B', 1.0, 64, 0.0)",13.4,15.4
case_047,2,3,326508,121713,121713,2.6826,2492844,0,,3324,113828.53333333335,"('B', 0.1, 64, 2.0)",14.6,14.1
case_047,2,4,326508,105593,105593,3.0921,2925042,0,,3387,95429.53333333334,"('B', 0.1, 64, 2.0)",15.3,13.1
case_047,2,5,326508,96862,96862,3.3709,3217528,0,,3432,83961.46666666682,"('B', 0.25, 16, 2.0)",15.2,12.0
case_047,3,1,326508,316840,316840,1.0305,0,0,0.0,41,303575.6,"('C', 0.1, 64, 4.0)",12.9,15.0
case_047,3,2,326508,159112,165618,2.0521,2272902,0,0.08553221137098034,3284,156756.53333333335,p2_plan,14.5,32.8
case_047,3,3,326508,118306,118306,2.7599,2623404,0,0.23675426985906253,3361,113013.80000000005,"('C', 0.1, 64, 2.0)",17.2,14.9
case_047,3,4,326508,101443,101443,3.2186,2541938,0,0.2774217960605922,3199,94909.71466666654,"('C', 0.1, 64, 4.0)",17.1,12.6
case_047,3,5,326508,92079,92079,3.546,3217528,0,0.3165516996989626,3432,83961.46666666682,p2_plan,16.8,11.1
case_048,1,1,222220,222220,222220,1.0,0,0,,1,202288.66666666666,"('A', 0.25, 16, 2.0)",1.5,0.0
case_048,1,2,222220,173490,173490,1.2809,927132,0,,80,158001.13333333327,"('A', 0.25, 16, 2.0, 16)",1.7,1.1
case_048,1,3,222220,115031,115031,1.9318,1165350,0,,122,113520.39999999994,"('A', 0.25, 16, 2.0)",1.8,1.5
case_048,1,4,222220,115031,115077,1.9318,1165350,0,,122,113520.39999999994,prev_n3,2.4,1.9
case_048,1,5,222220,113562,113562,1.9568,1137758,0,,150,110126.59999999999,"('A', 0.25, 16, 1.0)",2.5,2.0
case_048,2,1,222220,210150,210150,1.0574,0,0,,45,202288.66666666666,"('B', 0.1, 16, 8.0)",1.8,0.9
case_048,2,2,222220,116042,116042,1.915,533126,0,,312,114615.4,"('B', 0.25, 16, 2.0)",2.1,0.9
case_048,2,3,222220,99398,99398,2.2357,844044,0,,431,98993.73333333331,"('B', 0.1, 64, 2.0)",2.1,1.1
case_048,2,4,222220,99398,99398,2.2357,844044,0,,431,98993.73333333331,prev_n3,2.1,1.7
case_048,2,5,222220,99398,99398,2.2357,844044,0,,431,98993.73333333331,prev_n4,2.7,1.2
case_048,3,1,222220,210150,210150,1.0574,0,0,0.0,45,202288.66666666666,"('C', 0.1, 64, 4.0)",2.1,0.9
case_048,3,2,222220,116036,116036,1.9151,533126,0,0.17420481013883884,312,114615.4,p2_plan,2.2,1.2
case_048,3,3,222220,98737,98737,2.2506,822220,0,0.06883833339721031,450,98178.66666666664,"('C', 0.1, 64, 4.0)",2.1,1.3
case_048,3,4,222220,98737,98737,2.2506,822220,0,0.06883833339721031,450,98178.66666666664,prev_n3,2.4,1.0
case_048,3,5,222220,98737,98737,2.2506,822220,0,0.06883833339721031,450,98178.66666666664,prev_n4,2.8,1.3
case_049,1,1,196276,196276,196276,1.0,0,0,,1,196252.09999999998,"('A', 1.0, 16, 2.0)",4.8,0.0
case_049,1,2,196276,129822,129822,1.5119,2915694,0,,89,125964.29999999996,"('A', 1.0, 16, 0.0)",4.3,3.0
case_049,1,3,196276,106512,106512,1.8428,3306000,0,,157,96501.9,"('A', 0.1, 64, 1.0)",5.0,3.8
case_049,1,4,196276,98012,98012,2.0026,3434444,0,,218,84730.79999999997,"('A', 1.0, 64, 8.0)",4.8,4.2
case_049,1,5,196276,87640,87640,2.2396,3273870,0,,252,72311.83333333334,"('A', 0.1, 16, 2.0, 4)",5.1,4.7
case_049,2,1,196276,196254,196254,1.0001,0,0,,8,196252.09999999998,"('B', 1.0, 64, 0.0)",3.0,1.8
case_049,2,2,196276,102626,102626,1.9125,666918,0,,619,101705.96666666667,"('B', 0.1, 16, 8.0)",3.7,2.8
case_049,2,3,196276,70997,70997,2.7646,1385484,0,,995,69536.03333333334,"('B', 0.1, 64, 2.0)",6.2,4.1
case_049,2,4,196276,55021,55021,3.5673,1105970,0,,971,53130.36666666666,"('B', 0.1, 64, 8.0)",5.8,3.1
case_049,2,5,196276,47198,47198,4.1586,1126780,0,,1131,45593.0,"('B', 0.1, 64, 8.0)",5.9,3.5
case_049,3,1,196276,196254,196254,1.0001,0,0,0.0,8,196252.09999999998,"('C', 1.0, 64, 0.0)",3.7,1.9
case_049,3,2,196276,102613,103129,1.9128,666918,0,0.031175215319142045,619,101705.96666666667,p2_plan,4.5,5.9
case_049,3,3,196276,69855,69855,2.8098,1258188,0,0.1410801931105161,955,69166.796,"('C', 0.1, 64, 4.0)",6.0,2.4
case_049,3,4,196276,54732,56681,3.5861,1105970,0,0.1770091668712638,971,53130.36666666666,p2_plan,6.1,5.4
case_049,3,5,196276,47056,48157,4.1711,1126780,0,0.2292118310177767,1131,45593.0,p2_plan,6.1,6.4
case_050,1,1,149690,149690,149690,1.0,0,0,,1,144323.8333333333,"('A', 0.25, 16, 2.0)",6.3,0.0
case_050,1,2,149690,101481,101481,1.4751,1351918,0,,65,96812.46666666669,"('A', 0.1, 16, 2.0, 8)",5.8,2.4
case_050,1,3,149690,78099,78099,1.9167,1802882,0,,139,74462.46666666679,"('A', 1.0, 64, 8.0)",6.0,3.9
case_050,1,4,149690,68934,68934,2.1715,1994562,0,,265,63984.46666666666,"('A', 0.1, 16, 2.0, 8)",7.2,5.6
case_050,1,5,149690,63481,63481,2.358,2191994,0,,236,57332.90000000002,"('A', 0.1, 16, 2.0, 8)",7.8,6.3
case_050,2,1,149690,145780,145780,1.0268,0,0,,44,144323.8333333333,"('B', 0.1, 16, 8.0)",4.3,3.4
case_050,2,2,149690,79655,79655,1.8792,548238,0,,826,74077.16666666667,"('B', 1.0, 16, 4.0)",4.2,2.5
case_050,2,3,149690,56332,56332,2.6573,730720,0,,973,52988.93333333334,"('B', 0.1, 64, 8.0)",6.0,3.5
case_050,2,4,149690,46841,46841,3.1957,1039018,0,,970,42990.46666666667,"('B', 0.25, 16, 2.0)",5.1,3.4
case_050,2,5,149690,42198,42198,3.5473,1203554,0,,1025,37164.9,"('B', 0.25, 16, 2.0)",5.2,3.5
case_050,3,1,149690,145780,145780,1.0268,0,0,0.0,44,144323.8333333333,"('C', 0.1, 64, 4.0)",3.4,3.1
case_050,3,2,149690,79655,79655,1.8792,548238,0,0.07495677504533349,826,74077.16666666667,p2_plan,4.1,3.2
case_050,3,3,149690,56286,56890,2.6595,730720,0,0.1425691476493831,973,52988.93333333334,p2_plan,4.0,6.2
case_050,3,4,149690,45827,45827,3.2664,1365208,0,0.33757647971431265,1020,42865.833333333336,"('C', 0.1, 16, 1.0)",4.5,3.3
case_050,3,5,149690,41421,41421,3.6139,1203554,0,0.21060252380748157,1025,37164.9,p2_plan,4.7,3.9
case_051,1,1,607628,607628,607628,1.0,0,0,,1,607626.1666666666,"('A', 0.25, 16, 2.0)",0.7,0.0
case_051,1,2,607628,568687,568687,1.0685,14156304,0,,36,555170.8666666663,"('A', 0.1, 256, 2.0, 8)",5.9,1.2
case_051,1,3,607628,504544,504544,1.2043,16909144,0,,96,472685.03333333426,"('A', 0.25, 64, 2.0, 16)",6.5,1.5
case_051,1,4,607628,469759,469759,1.2935,15336422,0,,120,422861.33333333343,"('A', 0.25, 64, 2.0, 16)",7.9,1.5
case_051,1,5,607628,469759,526710,1.2935,15336422,0,,120,422861.33333333343,prev_n4,7.8,1.9
case_051,2,1,607628,607628,607628,1.0,0,0,,24,607626.1666666666,"('B', 0.1, 16, 8.0)",1.2,0.9
case_051,2,2,607628,382893,382893,1.5869,11010332,4718592,,220,426614.30395018286,"('B', 0.1, 64, 8.0)",3.3,1.3
case_051,2,3,607628,281330,281330,2.1598,4719636,4718684,,450,265169.30861893424,"('B', 0.1, 1024, 8.0)",4.4,1.2
case_051,2,4,607628,179460,179460,3.3859,1140,0,,498,180474.43333333335,"('B', 0.1, 256, 8.0)",4.1,1.4
case_051,2,5,607628,170770,170770,3.5582,1232,0,,500,171351.16666666672,"('B', 0.1, 256, 8.0)",4.6,1.1
case_051,3,1,607628,607628,607628,1.0,0,0,0.0,24,607626.1666666666,"('C', 0.1, 16, 1.0)",1.1,1.1
case_051,3,2,607628,382893,382893,1.5869,11010332,4718592,0.0,220,426614.30395018286,"('C', 0.1, 64, 4.0)",3.6,0.9
case_051,3,3,607628,281261,281261,2.1604,4719636,4718684,5.0125677423104305e-05,450,265169.30861893424,"('C', 0.25, 1024, 8.0)",3.4,0.8
case_051,3,4,607628,179460,179460,3.3859,1140,0,0.00023362943324546835,498,180474.43333333335,"('C', 0.25, 256, 8.0)",3.1,0.8
case_051,3,5,607628,170770,170770,3.5582,1232,0,0.0003504032176156331,500,171351.16666666672,"('C', 0.25, 256, 8.0)",3.6,1.0
case_052,1,1,180301,180301,180301,1.0,0,0,,1,178677.63333333333,"('A', 0.25, 16, 2.0)",0.9,0.0
case_052,1,2,180301,91321,91321,1.9744,102912,0,,2,89559.83333333334,"('A', 1.0, 16, 0.0)",0.7,1.3
case_052,1,3,180301,61538,61538,2.9299,176640,0,,3,60550.833333333336,"('A', 0.25, 16, 2.0)",0.9,1.3
case_052,1,4,180301,47284,47284,3.8132,250368,0,,4,46107.23333333334,"('A', 0.25, 16, 2.0)",1.0,1.9
case_052,1,5,180301,38504,38504,4.6827,324096,0,,5,38055.433333333334,"('A', 0.25, 16, 2.0)",1.4,1.2
case_052,2,1,180301,178775,178775,1.0085,0,0,,39,178677.63333333333,"('B', 0.1, 16, 8.0)",1.0,0.7
case_052,2,2,180301,89404,89404,2.0167,102912,0,,48,89559.83333333334,"('B', 1.0, 64, 0.0)",0.8,0.7
case_052,2,3,180301,58643,58643,3.0746,374784,0,,85,58494.833333333336,"('B', 0.1, 16, 1.0)",1.2,0.7
case_052,2,4,180301,41915,41915,4.3016,632832,0,,111,41556.166666666664,"('B', 0.1, 16, 1.0)",0.9,0.6
case_052,2,5,180301,36888,36888,4.8878,1146676,0,,188,34270.433333333334,"('B', 0.1, 64, 2.0)",1.0,0.8
case_052,3,1,180301,178775,178775,1.0085,0,0,0.0,39,178677.63333333333,"('C', 0.1, 64, 4.0)",1.2,0.7
case_052,3,2,180301,89404,89404,2.0167,102912,0,0.0319664912657346,48,89559.83333333334,"('C', 1.0, 64, 0.0)",1.1,0.8
case_052,3,3,180301,58643,58643,3.0746,374784,0,0.0471851622920848,85,58494.833333333336,"('C', 0.1, 16, 1.0)",1.1,1.0
case_052,3,4,180301,41690,41690,4.3248,628224,0,0.09958538108121089,111,41512.23333333333,"('C', 0.1, 16, 1.0)",1.3,0.7
case_052,3,5,180301,36221,37942,4.9778,1146676,0,0.128924917788444,188,34270.433333333334,p2_plan,1.1,1.9
case_053,1,1,1472686,1472686,1472686,1.0,5405536,5405536,,1,1402259.480590646,"('A', 0.25, 16, 2.0)",14.0,0.0
case_053,1,2,1472686,731332,731332,2.0137,7770560,2860992,,10,731570.7025262323,"('A', inf, 16, 0.0, 8)",14.8,105.2
case_053,1,3,1472686,538834,538834,2.7331,9293356,0,,156,506336.43333333393,"('A', 0.1, 16, 2.0, 4)",12.0,9.6
case_053,1,4,1472686,447172,447172,3.2933,10721864,0,,224,420424.9000000008,"('A', 0.1, 16, 2.0, 4)",13.1,10.4
case_053,1,5,1472686,414155,414155,3.5559,12010814,0,,336,362039.7333333341,"('A', 0.1, 64, 1.0)",16.2,15.5
case_053,2,1,1472686,1461823,1461823,1.0074,5405536,5405536,,35,1402259.480590646,"('B', 0.1, 16, 8.0)",10.2,10.0
case_053,2,2,1472686,766519,766519,1.9213,7990470,4884816,,1896,724328.7476632624,"('B', 0.1, 16, 8.0)",10.1,10.3
case_053,2,3,1472686,474138,474138,3.106,5072556,0,,2478,460910.3666666667,"('B', 0.1, 16, 8.0)",12.5,10.3
case_053,2,4,1472686,367464,367464,4.0077,5702370,0,,2612,348450.36666666664,"('B', 0.1, 16, 8.0)",13.6,10.4
case_053,2,5,1472686,320346,320346,4.5972,5903352,0,,2667,288504.43333333335,"('B', 0.1, 16, 8.0)",15.1,10.3
case_053,3,1,1472686,1417246,1417246,1.0391,5405536,5405536,0.6248708378144704,35,1402259.480590646,"('C', 0.1, 64, 4.0)",9.2,13.1
case_053,3,2,1472686,726191,726191,2.028,7990470,4884816,0.5671628304335683,1896,724328.7476632624,p2_plan,12.6,10.6
case_053,3,3,1472686,471058,471058,3.1263,5072556,0,0.25354160131836934,2478,460910.3666666667,p2_plan,12.7,11.1
case_053,3,4,1472686,362990,362990,4.0571,5702370,0,0.18723514722824433,2612,348450.36666666664,p2_plan,14.3,10.4
case_053,3,5,1472686,316752,316752,4.6493,5903352,0,0.22008556857240674,2667,288504.43333333335,p2_plan,12.3,9.7
case_054,1,1,815051,815051,815051,1.0,0,0,,1,794338.6333333333,"('A', 0.25, 16, 2.0)",15.1,0.0
case_054,1,2,815051,476811,476811,1.7094,8499200,0,,190,459290.1000000006,"('A', 0.25, 16, 1.0)",14.6,13.8
case_054,1,3,815051,369011,369011,2.2087,9143726,0,,310,347391.7000000001,"('A', 0.1, 64, 1.0)",15.2,16.0
case_054,1,4,815051,300043,300043,2.7164,8714474,0,,406,267803.93333333323,"('A', 1.0, 64, 8.0)",16.1,19.1
case_054,1,5,815051,264087,264087,3.0863,9074326,0,,552,227606.43333333332,"('A', 0.25, 16, 4.0)",17.5,24.1
case_054,2,1,815051,799878,799878,1.019,311072,311072,,52,794588.9183931417,"('B', 0.1, 16, 8.0)",14.7,20.6
case_054,2,2,815051,405324,405324,2.0109,2883814,0,,3156,396669.43333333323,"('B', 1.0, 16, 4.0)",16.6,18.0
case_054,2,3,815051,276642,276642,2.9462,4729580,0,,3788,266123.9666666667,"('B', 0.1, 64, 2.0)",17.1,18.2
case_054,2,4,815051,218047,218047,3.738,5605074,0,,3858,204371.10000000018,"('B', 0.1, 64, 2.0)",17.8,16.4
case_054,2,5,815051,188618,188618,4.3212,4744344,0,,3668,173731.03333333338,"('B', 0.25, 64, 8.0)",18.6,16.4
case_054,3,1,815051,799878,799878,1.019,311072,311072,1.816359266781173e-05,52,794588.9183931417,"('C', 0.1, 64, 4.0)",15.2,19.2
case_054,3,2,815051,403625,403625,2.0193,2546086,0,0.06090456298848135,2966,396300.0626666666,"('C', 0.25, 16, 8.0)",16.8,15.7
case_054,3,3,815051,276563,277080,2.9471,4729580,0,0.14034991221074053,3788,266123.9666666667,p2_plan,17.2,35.7
case_054,3,4,815051,210478,210478,3.8724,4925138,0,0.1903329067672153,3727,201600.91066666634,"('C', 0.1, 64, 4.0)",21.9,19.3
case_054,3,5,815051,186231,186231,4.3766,5705144,0,0.2193518286229552,3811,170294.78266666672,"('C', 0.1, 64, 4.0)",22.6,15.7
case_055,1,1,118835,118835,118835,1.0,69632,69632,,1,101360.20158890205,"('A', 0.25, 16, 2.0)",1.6,0.0
case_055,1,2,118835,68133,68133,1.7442,57856,0,,2,52428.96666666667,"('A', 0.25, 16, 2.0)",1.5,1.4
case_055,1,3,118835,42482,42482,2.7973,238604,0,,7,32626.533333333333,"('A', 0.25, 16, 1.0)",1.6,1.3
case_055,1,4,118835,29629,29629,4.0108,115712,0,,4,27021.36666666667,"('A', 1.0, 16, 2.0)",1.0,1.1
case_055,1,5,118835,28202,28202,4.2137,157184,0,,5,22561.7,"('A', 1.0, 16, 0.0)",1.0,1.4
case_055,2,1,118835,119646,119646,0.9932,0,0,,31,96675.7,"('B', 0.1, 16, 8.0)",0.8,0.6
case_055,2,2,118835,58326,58326,2.0374,217616,0,,61,49769.566666666666,"('B', 0.1, 16, 1.0)",0.8,0.9
case_055,2,3,118835,35142,35142,3.3816,222226,0,,40,32893.96666666667,"('B', 0.25, 16, 2.0)",0.7,0.8
case_055,2,4,118835,29882,29882,3.9768,115712,0,,24,27021.36666666667,"('B', 1.0, 64, 0.0)",0.8,0.8
case_055,2,5,118835,23894,23894,4.9734,157184,0,,24,22561.7,"('B', 1.0, 64, 0.0)",0.8,0.6
case_055,3,1,118835,119646,119646,0.9932,0,0,0.0,31,96675.7,"('C', 0.1, 16, 1.0)",0.9,1.0
case_055,3,2,118835,58100,58100,2.0454,231952,0,0.15594464362969115,61,49769.566666666666,"('C', 0.1, 16, 1.0)",0.8,1.0
case_055,3,3,118835,35038,35038,3.3916,222226,0,0.21019659093393447,40,32893.96666666667,p2_plan,1.4,1.2
case_055,3,4,118835,26743,26743,4.4436,287764,0,0.23892195804832522,53,26504.233333333337,"('C', 0.25, 16, 8.0)",1.4,0.8
case_055,3,5,118835,23078,23078,5.1493,157184,0,0.18311967667932086,24,22561.7,"('C', 1.0, 64, 0.0)",1.4,0.6
case_056,1,1,277285,277285,277285,1.0,0,0,,1,269003.1,"('A', 0.25, 16, 2.0)",6.7,0.0
case_056,1,2,277285,186326,186326,1.4882,4845502,0,,156,175497.1666666662,"('A', 1.0, 64, 8.0)",7.1,8.3
case_056,1,3,277285,153527,153527,1.8061,4945846,0,,250,142332.9666666667,"('A', 1.0, 64, 8.0)",10.4,7.3
case_056,1,4,277285,140433,140433,1.9745,5250232,0,,374,117930.76666666675,"('A', 0.25, 16, 2.0)",10.7,9.1
case_056,1,5,277285,127080,127080,2.182,5238324,0,,411,105658.30000000003,"('A', 0.25, 16, 2.0, 16)",9.6,10.9
case_056,2,1,277285,277530,277530,0.9991,14410,14410,,42,269007.3142068251,"('B', 0.1, 16, 8.0)",6.9,5.0
case_056,2,2,277285,139337,139337,1.99,1150510,0,,1338,137785.16666666663,"('B', 0.1, 16, 8.0)",7.2,5.5
case_056,2,3,277285,99372,99372,2.7904,1730396,0,,1522,97052.33333333331,"('B', 0.1, 16, 8.0)",6.1,5.4
case_056,2,4,277285,78295,78295,3.5415,2026826,0,,1798,74956.03333333328,"('B', 0.1, 64, 8.0)",6.4,5.5
case_056,2,5,277285,69530,69530,3.988,2108528,0,,1893,65182.46666666667,"('B', 0.1, 64, 8.0)",6.8,5.3
case_056,3,1,277285,277530,277530,0.9991,14410,14410,0.017774349819309997,42,269007.3142068251,"('C', 0.1, 64, 4.0)",6.8,4.3
case_056,3,2,277285,138189,138189,2.0066,1196214,0,0.10197016501405606,1363,135989.09999999998,"('C', 0.25, 16, 8.0)",8.2,7.4
case_056,3,3,277285,99060,99060,2.7992,1730396,0,0.14685118295903138,1522,97052.33333333331,p2_plan,10.7,6.3
case_056,3,4,277285,77881,77881,3.5604,2026826,0,0.2167457754667111,1798,74956.03333333328,p2_plan,9.4,4.3
case_056,3,5,277285,69198,69198,4.0071,2532424,0,0.28361411125296276,1981,64739.96800000001,"('C', 0.1, 64, 4.0)",10.9,8.4
case_057,1,1,59726,59726,59726,1.0,94216,94216,,1,59115.30415028372,"('A', 0.1, 64, 1.0)",1.0,0.0
case_057,1,2,59726,30413,30413,1.9638,28960,28672,,2,30459.457311681246,"('A', 1.0, 16, 2.0)",1.1,1.1
case_057,1,3,59726,21605,21605,2.7645,204132,0,,6,21112.833333333332,"('A', 0.25, 16, 1.0)",1.2,0.8
case_057,1,4,59726,17644,17644,3.3851,329912,0,,8,16827.7,"('A', 0.25, 16, 4.0)",1.5,1.1
case_057,1,5,59726,14549,14549,4.1052,14688,0,,5,14666.633333333333,"('A', inf, 16, 0.0)",1.3,0.6
case_057,2,1,59726,58885,58885,1.0143,4096,4096,,41,58890.43575361511,"('B', 0.1, 64, 8.0)",0.7,0.8
case_057,2,2,59726,29095,29095,2.0528,83472,0,,78,29039.233333333334,"('B', 0.25, 64, 8.0)",0.8,0.6
case_057,2,3,59726,19996,19996,2.9869,171906,0,,124,19559.833333333332,"('B', 0.25, 64, 8.0)",1.4,0.9
case_057,2,4,59726,16756,16756,3.5645,349394,0,,99,15400.400000000001,"('B', 0.1, 16, 1.0)",1.0,0.6
case_057,2,5,59726,13945,13945,4.283,125038,0,,45,13220.233333333334,"('B', 1.0, 16, 4.0)",1.1,0.6
case_057,3,1,59726,58885,58885,1.0143,4096,4096,0.012022871634711345,41,58890.43575361511,"('C', 0.1, 64, 4.0)",1.2,1.0
case_057,3,2,59726,29066,29066,2.0548,212820,0,0.2538441223654804,89,28982.233333333334,"('C', 0.25, 64, 2.0)",0.9,0.6
case_057,3,3,59726,19766,19766,3.0217,292266,0,0.3344282771542042,138,19514.766666666663,"('C', 0.25, 64, 2.0)",1.0,0.8
case_057,3,4,59726,15148,15148,3.9428,590694,0,0.43978098177047065,272,15321.7,"('C', 0.1, 64, 2.0)",1.2,0.9
case_057,3,5,59726,13573,13573,4.4004,651958,0,0.47770788550741033,304,13160.733333333334,"('C', 0.1, 64, 2.0)",1.0,0.8
case_058,1,1,4539717,4365478,4365478,1.0399,34197504,0,,16,4365447.066666665,"('A', 0.25, 16, 2.0, 16)",17.2,24.4
case_058,1,2,4539717,2193367,2193367,2.0697,38522880,0,,16,2191220.533333333,"('A', inf, 16, 0.0, 8)",19.2,38.6
case_058,1,3,4539717,1495077,1495077,3.0364,47443968,0,,44,1476177.200000002,"('A', 0.25, 16, 2.0, 16)",20.6,27.2
case_058,1,4,4539717,1181774,1181774,3.8414,50950144,262144,,33,1137551.3796227393,"('A', inf, 16, 0.0, 8)",21.8,42.2
case_058,1,5,4539717,1030205,1030205,4.4066,47915008,876544,,39,964027.2524096261,"('A', 0.1, 16, 2.0, 8)",23.8,51.3
case_058,2,1,4539717,4539717,4539717,1.0,28696576,28696576,,43,4439074.847515629,"('B', 0.1, 16, 8.0)",14.3,31.4
case_058,2,2,4539717,2269094,2269094,2.0007,29548544,24141824,,86,2325199.777416855,"('B', 0.1, 16, 8.0)",13.8,20.4
case_058,2,3,4539717,1554831,1554831,2.9197,30400512,21209088,,129,1650297.204528498,"('B', 1.0, 64, 0.0)",14.8,17.9
case_058,2,4,4539717,1139327,1139327,3.9846,32485376,16535552,,255,1317859.97249745,"('B', 0.1, 16, 8.0)",16.5,19.0
case_058,2,5,4539717,946128,946128,4.7982,32505856,13176832,,255,1093732.5960057245,"('B', 0.1, 64, 2.0)",17.6,16.7
case_058,3,1,4539717,4539717,4539717,1.0,28696576,28696576,0.0,43,4439074.847515629,"('C', 0.1, 64, 4.0)",19.4,36.3
case_058,3,2,4539717,2265319,2265319,2.004,29827072,24555520,0.09529160579840432,86,2309390.192820792,"('C', 0.25, 16, 8.0)",14.4,19.9
case_058,3,3,4539717,1554831,1554831,2.9197,30400512,21209088,0.0,129,1602033.0337504107,"('C', 0.1, 64, 4.0)",16.8,17.9
case_058,3,4,4539717,1128466,1128466,4.0229,31293440,16560128,0.42033056065680025,255,1229438.9673513563,"('C', 0.25, 16, 8.0)",17.0,16.8
case_058,3,5,4539717,924837,1004819,4.9087,32505856,13176832,0.33581074008164974,255,1093732.5960057245,p2_plan,19.1,31.7
case_059,1,1,829473,829473,829473,1.0,1691648,1691648,,1,740357.5974472257,"('A', 0.25, 16, 2.0)",3.6,0.0
case_059,1,2,829473,369318,369318,2.246,360448,0,,2,371395.4666666667,"('A', 0.25, 16, 2.0)",3.3,2.7
case_059,1,3,829473,254073,254073,3.2647,1171456,0,,3,256115.46666666667,"('A', 0.25, 16, 4.0)",3.5,2.1
case_059,1,4,829473,185216,185216,4.4784,1081344,0,,4,191453.06666666665,"('A', 0.25, 16, 2.0)",4.0,2.1
case_059,1,5,829473,150782,150782,5.5011,2883584,0,,5,156869.06666666665,"('A', 0.25, 16, 2.0)",4.0,4.0
case_059,2,1,829473,829473,829473,1.0,1691648,1691648,,64,740357.5974472257,"('B', 0.1, 16, 8.0)",1.8,2.0
case_059,2,2,829473,369318,369318,2.246,360448,0,,64,371395.4666666667,"('B', 0.1, 16, 8.0)",1.7,1.5
case_059,2,3,829473,254073,254073,3.2647,1081344,0,,64,256115.46666666667,"('B', 0.1, 16, 8.0)",1.7,1.7
case_059,2,4,829473,185216,185216,4.4784,1081344,0,,64,191453.06666666665,"('B', 0.1, 16, 1.0)",2.1,1.4
case_059,2,5,829473,150782,150782,5.5011,4325376,0,,64,156869.06666666665,"('B', 0.1, 16, 1.0)",2.0,1.7
case_059,3,1,829473,815938,815938,1.0166,1691648,1691648,0.6100443131462334,64,740357.5974472257,"('C', 0.1, 64, 4.0)",1.9,2.0
case_059,3,2,829473,369318,369318,2.246,360448,0,0.0,64,371395.4666666667,"('C', 0.1, 64, 4.0)",2.0,1.3
case_059,3,3,829473,254073,262029,3.2647,1081344,0,0.4166666666666667,64,256115.46666666667,p2_plan,2.2,3.2
case_059,3,4,829473,185216,185216,4.4784,1081344,0,0.0,64,189571.92533333332,"('C', 0.1, 64, 4.0)",2.1,1.7
case_059,3,5,829473,150736,150736,5.5028,3604480,0,0.6975524475524476,64,154987.92533333332,"('C', 0.1, 64, 4.0)",2.2,2.0
case_060,1,1,888789,888789,888789,1.0,2068520,2068520,,1,866129.3828744063,single,5.4,0.0
case_060,1,2,888789,448475,448475,1.9818,4425988,196612,,8,430732.56423191505,"('A', 0.1, 16, 2.0, 4)",5.7,8.4
case_060,1,3,888789,307366,307366,2.8916,5200128,49152,,12,291060.85452719324,"('A', 0.1, 16, 2.0, 4)",6.5,5.5
case_060,1,4,888789,230130,230130,3.8621,4641280,438272,,8,215723.97034010908,"('A', 0.1, 64, 1.0)",6.1,26.5
case_060,1,5,888789,200050,200050,4.4428,4698772,143360,,11,176039.16382662012,"('A', 0.1, 64, 1.0)",6.3,23.7
case_060,2,1,888789,888789,888789,1.0,2068520,2068520,,1,866129.3828744063,single,5.5,2.6
case_060,2,2,888789,450035,450035,1.9749,1756416,763008,,72,430683.3150891724,"('B', 0.1, 16, 8.0)",5.5,3.2
case_060,2,3,888789,310897,310897,2.8588,2429184,442368,,77,291504.21688213234,"('B', 1.0, 16, 4.0)",5.0,2.8
case_060,2,4,888789,221626,221626,4.0103,2990336,8192,,194,206495.8892120831,"('B', 0.1, 64, 8.0)",5.4,3.1
case_060,2,5,888789,179351,179351,4.9556,3968280,8192,,212,166334.93105178516,"('B', 0.1, 64, 2.0)",4.7,2.5
case_060,3,1,888789,887801,887801,1.0011,2068520,2068520,0.4231432279268349,1,866129.3828744063,single,5.1,3.2
case_060,3,2,888789,450075,450075,1.9748,1756416,763008,0.3432131199249626,72,430683.3150891724,p2_plan,5.7,3.0
case_060,3,3,888789,310638,313627,2.8612,2429184,442368,0.41298329119470517,77,291504.21688213234,p2_plan,5.3,5.7
case_060,3,4,888789,221626,221626,4.0103,2990336,8192,0.3735873551106428,194,206495.8892120831,p2_plan,6.2,2.8
case_060,3,5,888789,174101,174101,5.105,4259488,82048,0.49305190470648513,212,165888.30064471258,"('C', 0.1, 64, 2.0)",5.8,2.4
case_061,1,1,77191,77191,77191,1.0,0,0,,1,75452.73333333334,single,1.4,0.0
case_061,1,2,77191,40982,40982,1.8835,27648,0,,2,40828.9,"('A', 1.0, 16, 2.0)",1.2,1.2
case_061,1,3,77191,28451,28451,2.7131,27648,0,,3,28161.9,"('A', 1.0, 16, 2.0)",1.3,1.4
case_061,1,4,77191,22442,22442,3.4396,55296,0,,4,22087.7,"('A', 1.0, 16, 2.0)",1.5,1.7
case_061,1,5,77191,19921,19921,3.8749,126208,0,,8,18474.066666666684,"('A', 1.0, 64, 8.0)",1.1,1.1
case_061,2,1,77191,77191,77191,1.0,0,0,,1,75452.73333333334,single,0.6,0.8
case_061,2,2,77191,39364,39364,1.961,48128,0,,57,39042.96666666667,"('B', 0.25, 64, 8.0)",0.9,0.7
case_061,2,3,77191,27395,27395,2.8177,259860,0,,98,27048.699999999997,"('B', 0.1, 16, 1.0)",0.6,0.6
case_061,2,4,77191,20163,20163,3.8283,372630,0,,119,19430.3,"('B', 0.1, 16, 1.0)",0.8,0.8
case_061,2,5,77191,17450,17450,4.4236,357534,0,,139,16207.133333333333,"('B', 0.1, 16, 8.0)",0.7,1.0
case_061,3,1,77191,77191,77191,1.0,0,0,0.0,1,75452.73333333334,single,0.8,0.8
case_061,3,2,77191,39364,39364,1.961,48128,0,0.06115832224156172,57,39042.96666666667,p2_plan,0.7,0.7
case_061,3,3,77191,27282,27282,2.8294,285968,0,0.13510909514092245,98,27035.36666666667,"('C', 0.1, 16, 1.0)",1.0,0.8
case_061,3,4,77191,19932,19932,3.8727,379030,0,0.16182617324539422,119,19424.166666666664,"('C', 0.1, 16, 1.0)",0.9,0.9
case_061,3,5,77191,16977,16977,4.5468,458684,0,0.1633214831786186,140,15933.0,"('C', 0.1, 16, 1.0)",1.5,0.9
case_062,1,1,2854809,2854809,2854809,1.0,0,0,,1,2854808.0,"('A', 1.0, 16, 2.0)",18.4,0.0
case_062,1,2,2854809,1451033,1451033,1.9674,1927680,0,,3,1451265.6000000003,"('A', 1.0, 64, 8.0)",18.2,382.0
case_062,1,3,2854809,968508,968508,2.9476,1282560,0,,4,968822.4,"('A', 1.0, 64, 8.0)",18.2,264.5
case_062,1,4,2854809,727531,727531,3.924,950784,0,,5,727514.4,"('A', 1.0, 64, 8.0)",17.7,163.8
case_062,1,5,2854809,610912,610912,4.673,3128832,0,,6,610472.0,"('A', 0.25, 16, 2.0)",16.6,117.9
case_062,2,1,2854809,2854809,2854809,1.0,0,0,,1,2854808.0,"('B', 1.0, 64, 0.0)",16.7,10.6
case_062,2,2,2854809,1449796,1449796,1.9691,1668096,706560,,359,1452549.162847955,"('B', 0.1, 64, 8.0)",11.6,18.4
case_062,2,3,2854809,967033,967033,2.9521,1030656,175104,,324,968417.8365107644,"('B', 0.1, 64, 2.0)",12.6,16.7
case_062,2,4,2854809,726246,726246,3.9309,709632,0,,297,726265.6,"('B', 0.1, 64, 8.0)",15.4,18.4
case_062,2,5,2854809,609411,609411,4.6845,2872320,371712,,860,612203.5951329299,"('B', 0.1, 16, 8.0)",21.3,15.4
case_062,3,1,2854809,2854809,2854809,1.0,0,0,0.0,1,2854808.0,"('C', 1.0, 64, 0.0)",17.4,9.9
case_062,3,2,2854809,1449796,1449796,1.9691,1668096,706560,0.0,359,1452549.162847955,"('C', 0.1, 64, 4.0)",16.9,23.0
case_062,3,3,2854809,967033,967033,2.9521,1030656,175104,0.00033108928374351616,324,968417.5585297585,"('C', 0.1, 64, 4.0)",19.6,19.9
case_062,3,4,2854809,726246,726246,3.9309,709632,0,0.0,297,726265.6,"('C', 0.1, 64, 4.0)",20.1,17.9
case_062,3,5,2854809,609411,609411,4.6845,2872320,371712,0.0,860,612203.5951329299,"('C', 0.1, 16, 1.0)",22.4,17.6
case_063,1,1,1070397,1070397,1070397,1.0,0,0,,1,1070396.0,"('A', 1.0, 16, 2.0)",6.8,0.0
case_063,1,2,1070397,544253,544253,1.9667,671232,0,,3,544485.6,"('A', 1.0, 64, 8.0)",6.9,43.4
case_063,1,3,1070397,373377,373377,2.8668,4317696,0,,8,371448.79999999993,"('A', 1.0, 64, 8.0)",7.8,20.5
case_063,1,4,1070397,286411,286411,3.7373,1420800,0,,5,286306.3999999999,"('A', 0.25, 16, 2.0)",7.6,15.1
case_063,1,5,1070397,230320,230320,4.6474,1119744,0,,6,230174.4,"('A', 0.25, 16, 2.0)",8.2,11.2
case_063,2,1,1070397,1070397,1070397,1.0,0,0,,1,1070396.0,"('B', 1.0, 64, 0.0)",6.8,2.6
case_063,2,2,1070397,543016,543016,1.9712,408576,76800,,160,543577.4371616369,"('B', 0.1, 64, 8.0)",6.5,4.3
case_063,2,3,1070397,369455,369455,2.8972,2883072,0,,482,368563.99999999994,"('B', 1.0, 64, 0.0)",6.9,4.6
case_063,2,4,1070397,285534,285534,3.7488,4838400,0,,711,285325.5999999999,"('B', 1.0, 64, 0.0)",7.7,6.6
case_063,2,5,1070397,222383,222383,4.8133,4270080,0,,708,221408.0,"('B', 0.1, 64, 8.0)",6.2,5.3
case_063,3,1,1070397,1070397,1070397,1.0,0,0,0.0,1,1070396.0,"('C', 1.0, 64, 0.0)",5.7,3.6
case_063,3,2,1070397,543016,543016,1.9712,408576,76800,0.0,160,543577.4371616369,"('C', 0.1, 64, 4.0)",5.7,6.6
case_063,3,3,1070397,369455,369455,2.8972,2883072,0,0.0006366723259762309,482,368563.99999999994,"('C', 1.0, 64, 0.0)",7.7,4.7
case_063,3,4,1070397,285534,285534,3.7488,4838400,0,0.001569584931984653,711,285325.5999999999,"('C', 1.0, 64, 0.0)",7.9,4.4
case_063,3,5,1070397,222383,222383,4.8133,4291584,0,0.0005589714924538849,712,221408.0,"('C', 0.1, 64, 4.0)",7.7,5.3
case_064,1,1,19116,19116,19116,1.0,0,0,,1,17652.8,"('A', 0.25, 16, 2.0)",1.3,0.0
case_064,1,2,19116,19116,19116,1.0,0,0,,1,17652.8,prev_n1,1.5,1.0
case_064,1,3,19116,19116,19116,1.0,0,0,,1,17652.8,prev_n2,1.7,1.0
case_064,1,4,19116,17178,17178,1.1128,192980,0,,63,16590.133333333328,"('A', 0.25, 16, 1.0)",2.6,0.8
case_064,1,5,19116,15278,15278,1.2512,203068,0,,88,14670.399999999994,"('A', 0.1, 64, 1.0)",1.5,1.0
case_064,2,1,19116,17918,17918,1.0669,0,0,,46,17652.8,"('B', 0.1, 16, 8.0)",0.9,0.6
case_064,2,2,19116,14506,14506,1.3178,90278,0,,200,13996.73333333333,"('B', 0.1, 16, 1.0)",1.5,0.8
case_064,2,3,19116,12178,12178,1.5697,102348,0,,211,11807.666666666668,"('B', 1.0, 16, 4.0)",1.3,0.7
case_064,2,4,19116,11348,11348,1.6845,115920,0,,305,11186.766666666666,"('B', 1.0, 64, 0.0)",1.4,0.8
case_064,2,5,19116,11281,11281,1.6945,108788,0,,341,11100.999999999996,"('B', 0.1, 64, 2.0)",1.7,0.6
case_064,3,1,19116,17918,17960,1.0669,0,0,0.0,46,17652.8,p2_plan,1.3,1.4
case_064,3,2,19116,14505,14505,1.3179,90278,0,0.09638356677753314,200,13996.73333333333,p2_plan,1.4,0.7
case_064,3,3,19116,12161,12161,1.5719,102348,0,0.2586569495054659,211,11807.666666666668,p2_plan,1.5,0.6
case_064,3,4,19116,11275,11275,1.6954,115888,0,0.22360779286366372,303,11186.733333333334,"('C', 1.0, 64, 0.0)",1.7,0.9
case_064,3,5,19116,11204,11204,1.7062,108788,0,0.1965730996560743,341,11100.999999999996,p2_plan,1.9,0.7
case_065,1,1,53068,53068,53068,1.0,0,0,,1,53055.26666666666,"('A', 0.25, 16, 2.0)",0.8,0.0
case_065,1,2,53068,29034,29034,1.8278,287392,0,,5,22484.3,"('A', 0.1, 64, 1.0)",0.8,0.7
case_065,1,3,53068,18569,18569,2.8579,27936,0,,3,18474.266666666666,"('A', 0.25, 16, 2.0)",0.9,0.8
case_065,1,4,53068,15836,15836,3.3511,73360,0,,7,14050.5,"('A', 0.25, 16, 2.0)",0.8,0.7
case_065,1,5,53068,13041,13041,4.0693,301648,0,,15,11675.466666666667,"('A', 0.25, 16, 4.0)",0.9,0.7
case_065,2,1,53068,53058,53058,1.0002,0,0,,30,53055.26666666666,"('B', 0.1, 16, 8.0)",0.6,0.6
case_065,2,2,53068,20610,20610,2.5749,102040,0,,64,20122.500000000004,"('B', 0.1, 16, 1.0)",0.7,0.5
case_065,2,3,53068,17862,17862,2.971,263528,0,,100,17670.666666666668,"('B', 0.1, 16, 1.0)",0.6,0.6
case_065,2,4,53068,14489,14489,3.6626,304128,0,,100,13704.8,"('B', 0.1, 16, 1.0)",0.7,0.6
case_065,2,5,53068,11606,11606,4.5725,207296,0,,78,9902.666666666666,"('B', 0.25, 16, 2.0)",0.8,0.5
case_065,3,1,53068,53058,53058,1.0002,0,0,0.0,30,53055.26666666666,"('C', 0.1, 64, 4.0)",0.6,0.5
case_065,3,2,53068,20610,20610,2.5749,102040,0,0.030590586993385516,64,20122.500000000004,"('C', 0.1, 16, 1.0)",0.7,0.7
case_065,3,3,53068,17862,17933,2.971,263528,0,0.19548325038685124,100,17670.666666666668,p2_plan,0.7,1.3
case_065,3,4,53068,14111,14111,3.7608,289776,0,0.18838272057067337,100,13635.8,"('C', 0.1, 64, 4.0)",0.8,0.6
case_065,3,5,53068,10996,10996,4.8261,237000,0,0.12167198911196705,78,9883.966666666667,"('C', 0.25, 64, 2.0)",0.8,0.5
case_066,1,1,359070,359070,359070,1.0,0,0,,1,349972.43333333335,"('A', 0.1, 64, 1.0)",6.4,0.0
case_066,1,2,359070,207933,207933,1.7269,1037556,0,,14,190958.9666666667,"('A', 1.0, 64, 8.0)",6.8,12.0
case_066,1,3,359070,139562,139562,2.5728,2143532,0,,46,134287.23333333328,"('A', 1.0, 64, 8.0)",6.9,11.5
case_066,1,4,359070,135619,135619,2.6476,4292992,0,,177,120266.20000000011,"('A', 1.0, 64, 8.0)",8.2,7.1
case_066,1,5,359070,135619,144153,2.6476,4292992,0,,177,120266.20000000011,prev_n4,11.8,7.3
case_066,2,1,359070,354528,354528,1.0128,0,0,,45,349972.43333333335,"('B', 0.1, 64, 8.0)",6.4,4.2
case_066,2,2,359070,176207,176207,2.0378,1295340,0,,1131,168751.3,"('B', 0.1, 16, 8.0)",5.7,3.2
case_066,2,3,359070,122831,122831,2.9233,2112376,0,,1505,117672.76666666668,"('B', 0.1, 64, 8.0)",6.6,4.4
case_066,2,4,359070,104070,104070,3.4503,2559268,0,,1546,93394.76666666674,"('B', 0.1, 64, 8.0)",7.9,4.1
case_066,2,5,359070,94694,94694,3.7919,2892032,0,,1561,81092.56666666691,"('B', 1.0, 16, 4.0)",8.6,4.9
case_066,3,1,359070,354528,354528,1.0128,0,0,0.0,45,349972.43333333335,"('C', 0.1, 64, 4.0)",6.4,3.5
case_066,3,2,359070,175955,175955,2.0407,1295340,0,0.12938914538898572,1131,168751.3,p2_plan,6.9,3.6
case_066,3,3,359070,122355,123766,2.9347,2112376,0,0.16525158575634347,1505,117672.76666666668,p2_plan,6.6,6.9
case_066,3,4,359070,102743,102743,3.4948,3394404,0,0.2361925547267221,1629,91152.96933333334,"('C', 0.1, 64, 2.0)",7.6,3.3
case_066,3,5,359070,90439,90439,3.9703,3283952,0,0.23971461319363788,1590,75026.09466666667,"('C', 0.1, 64, 4.0)",8.1,3.8
case_067,1,1,63834834,64025548,64025548,0.997,258865152,206762752,,15,61464157.9284578,"('A', 0.25, 16, 2.0, 16)",9.1,6.4
case_067,1,2,63834834,34063812,34063812,1.874,254678272,169081472,,24,31499494.32477368,"('A', 0.25, 16, 2.0, 16)",8.3,5.6
case_067,1,3,63834834,23874179,23874179,2.6738,249943680,119687680,,36,21249700.312677428,"('A', 0.25, 16, 2.0, 16)",9.0,4.9
case_067,1,4,63834834,18724258,18724258,3.4092,249943680,119687680,,36,16299194.604584066,"('A', 0.25, 16, 2.0, 16)",9.4,4.9
case_067,1,5,63834834,15967384,15967384,3.9978,260512000,0,,71,12955479.999999993,"('A', 0.25, 16, 2.0, 16)",9.5,5.4
case_067,2,1,63834834,63834834,63834834,1.0,264449408,264449408,,71,61516407.74529237,"('B', 0.1, 16, 8.0)",5.8,9.4
case_067,2,2,63834834,33768704,33768704,1.8904,264024576,260302976,,71,31751009.93424967,"('B', 0.1, 16, 8.0)",4.9,8.9
case_067,2,3,63834834,23568859,23568859,2.7084,263599744,256156544,,71,21837361.874444168,"('B', 0.1, 16, 8.0)",6.9,5.5
case_067,2,4,63834834,18473155,18473155,3.4555,263174912,252010112,,71,17070982.759998176,"('B', 0.1, 16, 8.0)",6.6,4.4
case_067,2,5,63834834,15931687,15931687,4.0068,262750080,247863680,,71,14635581.115795573,"('B', 0.1, 16, 8.0)",6.7,5.8
case_067,3,1,63834834,63834834,63834834,1.0,264449408,264449408,0.0,71,61516407.74529237,"('C', 0.1, 64, 4.0)",6.6,10.1
case_067,3,2,63834834,33768704,33768704,1.8904,264024576,260302976,0.0,71,31751009.93424967,"('C', 0.1, 64, 4.0)",7.6,6.2
case_067,3,3,63834834,23568859,23568859,2.7084,263599744,256156544,0.0,71,21837361.874444168,"('C', 0.1, 64, 4.0)",7.7,6.6
case_067,3,4,63834834,18473155,18473155,3.4555,263174912,252010112,0.0,71,17070982.759998176,"('C', 0.1, 64, 4.0)",5.5,5.6
case_067,3,5,63834834,15931687,15931687,4.0068,262750080,247863680,0.0,71,14635581.115795573,"('C', 0.1, 64, 4.0)",5.7,5.3
case_068,1,1,362095,362095,362095,1.0,0,0,,1,353301.26666666666,"('A', 0.25, 16, 2.0)",6.0,0.0
case_068,1,2,362095,211130,211130,1.715,2472468,0,,75,201076.0000000003,"('A', 0.25, 16, 2.0)",6.2,5.4
case_068,1,3,362095,176895,176895,2.0469,3856330,0,,143,165085.9,"('A', 1.0, 16, 0.0)",8.4,5.6
case_068,1,4,362095,145679,145679,2.4856,3565168,0,,199,130730.4,"('A', 0.25, 16, 2.0)",8.2,6.2
case_068,1,5,362095,145679,151357,2.4856,3565168,0,,199,130730.4,prev_n4,7.7,6.0
case_068,2,1,362095,357195,357195,1.0137,0,0,,45,353301.26666666666,"('B', 0.1, 16, 8.0)",5.8,3.3
case_068,2,2,362095,184720,184720,1.9602,1555054,0,,949,177891.33333333334,"('B', 0.1, 64, 2.0)",5.9,3.1
case_068,2,3,362095,144347,144347,2.5085,2819612,0,,1314,126411.1000000001,"('B', 0.1, 64, 2.0)",6.8,3.6
case_068,2,4,362095,115755,115755,3.1281,2863402,0,,1029,106229.6,"('B', 0.25, 16, 2.0)",6.7,3.2
case_068,2,5,362095,115755,120114,3.1281,2863402,0,,1029,106229.6,prev_n4,6.7,2.8
case_068,3,1,362095,357195,357195,1.0137,0,0,0.0,45,353301.26666666666,"('C', 0.1, 64, 4.0)",5.8,2.5
case_068,3,2,362095,184382,184382,1.9638,1555054,0,0.1683178999121384,949,177891.33333333334,p2_plan,5.5,3.6
case_068,3,3,362095,136125,136125,2.66,2527932,0,0.1644141983106598,1238,126151.1666666667,"('C', 0.1, 64, 4.0)",6.3,3.0
case_068,3,4,362095,112095,112095,3.2303,3006186,0,0.14043268138639775,1019,102265.60000000002,"('C', 0.1, 16, 1.0)",6.5,2.6
case_068,3,5,362095,110483,110483,3.2774,3246584,0,0.12801781311830887,1293,95359.16133333335,"('C', 0.1, 64, 2.0)",7.0,3.1
case_069,1,1,25144,25144,25144,1.0,0,0,,1,21206.666666666664,"('A', 0.1, 64, 1.0)",1.5,0.0
case_069,1,2,25144,22330,22330,1.126,669484,0,,22,19315.133333333317,"('A', 0.1, 64, 1.0)",2.0,0.9
case_069,1,3,25144,22330,22413,1.126,669484,0,,22,19315.133333333317,prev_n2,1.8,1.2
case_069,1,4,25144,20896,20896,1.2033,668924,0,,54,16418.666666666668,"('A', 1.0, 64, 8.0)",2.4,1.3
case_069,1,5,25144,19144,19144,1.3134,673634,0,,55,14269.066666666668,"('A', 0.25, 16, 4.0)",2.3,1.0
case_069,2,1,25144,21127,21127,1.1901,0,0,,47,21206.666666666664,"('B', 0.1, 64, 8.0)",1.7,0.6
case_069,2,2,25144,13136,13136,1.9141,290118,0,,266,12718.333333333334,"('B', 1.0, 64, 0.0)",1.4,0.8
case_069,2,3,25144,10833,10833,2.3211,303980,0,,300,10215.200000000004,"('B', 0.25, 16, 2.0)",1.5,0.8
case_069,2,4,25144,10833,10833,2.3211,352242,0,,311,10083.266666666668,"('B', 1.0, 16, 4.0)",1.7,0.9
case_069,2,5,25144,10833,11324,2.3211,352242,0,,311,10083.266666666668,prev_n4,2.1,1.3
case_069,3,1,25144,21127,21127,1.1901,0,0,0.0,47,21206.666666666664,"('C', 0.1, 64, 4.0)",1.3,0.5
case_069,3,2,25144,13022,13177,1.9309,290118,0,0.1986879682132362,266,12718.333333333334,p2_plan,1.2,1.6
case_069,3,3,25144,10458,10458,2.4043,303980,0,0.2328043031628779,300,10215.200000000004,p2_plan,2.0,0.9
case_069,3,4,25144,10364,10364,2.4261,488626,0,0.37286240220892775,330,9584.045333333333,"('C', 0.1, 64, 2.0)",1.9,0.9
case_069,3,5,25144,10364,10364,2.4261,488626,0,0.37286240220892775,330,9584.045333333333,prev_n4,2.0,1.1
case_070,1,1,117300,117300,117300,1.0,0,0,,1,111804.16666666667,"('A', 0.25, 16, 2.0)",0.8,0.0
case_070,1,2,117300,60488,60488,1.9392,567812,0,,8,55201.066666666666,"('A', 0.1, 16, 2.0, 4)",1.0,0.9
case_070,1,3,117300,40034,40034,2.93,189952,0,,3,38498.5,"('A', 1.0, 64, 8.0)",0.9,1.0
case_070,1,4,117300,36016,36016,3.2569,540684,0,,13,29537.466666666664,"('A', 0.25, 16, 4.0)",1.2,1.0
case_070,1,5,117300,27041,27041,4.3379,435200,0,,5,24638.166666666664,"('A', 1.0, 16, 2.0)",1.2,1.2
case_070,2,1,117300,111806,111806,1.0491,0,0,,33,111804.16666666667,"('B', 0.1, 16, 8.0)",0.7,0.7
case_070,2,2,117300,55039,55039,2.1312,222720,0,,62,55002.166666666664,"('B', 0.1, 16, 8.0)",1.0,0.8
case_070,2,3,117300,40863,40863,2.8706,584236,0,,134,36803.433333333334,"('B', 0.1, 64, 8.0)",0.8,0.8
case_070,2,4,117300,31786,31786,3.6903,834108,0,,126,28852.63333333333,"('B', 0.1, 16, 1.0)",1.2,1.5
case_070,2,5,117300,25959,25959,4.5187,435200,0,,38,24638.166666666664,"('B', 1.0, 64, 0.0)",1.2,0.8
case_070,3,1,117300,111806,111806,1.0491,0,0,0.0,33,111804.16666666667,"('C', 0.1, 64, 4.0)",1.3,0.7
case_070,3,2,117300,55039,55039,2.1312,222720,0,0.11381059847623573,62,55002.166666666664,p2_plan,1.0,1.1
case_070,3,3,117300,37231,37231,3.1506,739372,0,0.25757120995628907,139,36577.164000000004,"('C', 0.1, 64, 2.0)",1.2,0.8
case_070,3,4,117300,30328,30328,3.8677,667202,0,0.4195231950794194,126,28223.604,"('C', 0.1, 16, 1.0)",1.2,0.7
case_070,3,5,117300,25935,25935,4.5228,435200,0,0.11915916814999684,38,24371.166666666664,"('C', 1.0, 64, 0.0)",1.9,0.7
case_071,1,1,18919,18919,18919,1.0,0,0,,1,16733.06666666667,"('A', 0.1, 64, 1.0)",0.9,0.0
case_071,1,2,18919,18178,18178,1.0408,493628,0,,20,15643.533333333331,"('A', 0.1, 64, 1.0)",1.8,0.8
case_071,1,3,18919,17246,17246,1.097,503164,0,,28,14048.866666666667,"('A', 0.25, 16, 4.0)",1.4,1.2
case_071,1,4,18919,17246,17246,1.097,503164,0,,28,14048.866666666667,prev_n3,1.4,0.8
case_071,1,5,18919,16831,16831,1.1241,562560,0,,54,13177.533333333335,"('A', 0.25, 16, 2.0)",1.6,0.9
case_071,2,1,18919,16326,16326,1.1588,0,0,,46,16733.06666666667,"('B', 0.1, 64, 8.0)",1.0,0.5
case_071,2,2,18919,10376,10376,1.8233,165638,0,,214,10428.066666666668,"('B', 0.1, 64, 8.0)",0.8,0.4
case_071,2,3,18919,8999,8999,2.1023,216652,0,,210,8815.000000000002,"('B', 1.0, 16, 4.0)",1.2,0.7
case_071,2,4,18919,8999,9323,2.1023,216652,0,,210,8815.000000000002,prev_n3,0.9,0.7
case_071,2,5,18919,8999,9490,2.1023,216652,0,,210,8815.000000000002,prev_n4,1.2,0.7
case_071,3,1,18919,16326,16326,1.1588,0,0,0.0,46,16733.06666666667,"('C', 0.1, 64, 4.0)",0.9,0.4
case_071,3,2,18919,10326,10326,1.8322,165638,0,0.15037415030750775,214,10428.066666666668,p2_plan,0.9,0.7
case_071,3,3,18919,8613,8613,2.1966,225676,0,0.19316830528892862,229,8462.613333333336,"('C', 0.25, 16, 8.0)",1.3,0.5
case_071,3,4,18919,8197,8197,2.308,280434,0,0.24781287970838395,228,7935.600000000001,"('C', 0.1, 64, 4.0)",1.0,0.5
case_071,3,5,18919,8197,8427,2.308,280434,0,0.24781287970838395,228,7935.600000000001,prev_n4,1.0,0.5
case_072,1,1,23897828,23755435,23755435,1.006,106754096,44199984,,16,23100729.84745547,"('A', 0.25, 16, 2.0, 16)",30.6,102.4
case_072,1,2,23897828,11845913,11845913,2.0174,118526000,17723440,,32,11625607.430643179,"('A', 0.25, 16, 2.0, 16)",25.1,112.4
case_072,1,3,23897828,7866093,7866093,3.0381,129372208,6713392,,45,7784847.582430201,"('A', 0.25, 16, 2.0, 16)",26.8,74.6
case_072,1,4,23897828,5933332,5933332,4.0277,131156768,9607624,,32,5866655.338532595,"('A', inf, 16, 0.0, 8)",24.0,131.4
case_072,1,5,23897828,4714262,4714262,5.0693,146631456,2095560,,71,4690015.832222478,"('A', 0.25, 16, 2.0, 16)",28.2,112.2
case_072,2,1,23897828,23875710,23875710,1.0009,101232688,101232688,,41,23177669.15674391,"('B', 0.1, 16, 8.0)",25.0,85.8
case_072,2,2,23897828,11883582,11883582,2.011,109931296,98982344,,82,11861939.18328561,"('B', 0.1, 16, 1.0)",24.1,54.8
case_072,2,3,23897828,7943931,7943931,3.0083,111464496,94318640,,123,8231030.994498837,"('B', 0.1, 16, 8.0)",25.1,45.8
case_072,2,4,23897828,6012838,6012838,3.9745,115789032,91294952,,164,6478187.822145519,"('B', 0.1, 16, 8.0)",26.1,39.5
case_072,2,5,23897828,4828484,4828484,4.9493,121065520,88846384,,243,5513821.131331679,"('B', 0.1, 16, 8.0)",27.0,38.3
case_072,3,1,23897828,23866974,23866974,1.0013,101232688,101232688,0.054260497157489186,41,23177669.15674391,"('C', 0.1, 64, 4.0)",32.1,98.0
case_072,3,2,23897828,11868566,11868566,2.0135,109931296,98982344,0.1763662309740072,82,11853864.684187565,"('C', 0.1, 16, 1.0)",24.5,57.7
case_072,3,3,23897828,7865857,7865857,3.0382,121176752,99278848,0.2583234785989402,123,8230424.845277197,"('C', 1.0, 64, 0.0)",30.0,52.6
case_072,3,4,23897828,5999068,6039762,3.9836,115789032,91294952,0.26852128588918156,164,6478187.822145519,p2_plan,30.5,83.7
case_072,3,5,23897828,4812665,4812665,4.9656,121352240,88756272,0.3390725251097348,243,5425238.344307033,"('C', 0.25, 16, 8.0)",30.7,38.0
case_073,1,1,10081626,10235970,10235970,0.9849,136177536,91518336,,13,9074922.235901501,"('A', 0.25, 16, 2.0, 16)",4.6,2.9
case_073,1,2,10081626,6149491,6149491,1.6394,133465728,62755328,,20,5054463.717022484,"('A', 0.25, 16, 2.0, 16)",4.8,2.3
case_073,1,3,10081626,4565500,4565500,2.2082,141420800,0,,39,2990462.933333341,"('A', 0.25, 16, 2.0, 16)",5.0,2.0
case_073,1,4,10081626,3936556,3936556,2.561,141420800,0,,39,2582376.53333336,"('A', 0.25, 16, 2.0, 16)",5.8,2.4
case_073,1,5,10081626,3539849,3539849,2.848,141420800,0,,39,2582376.5333333346,"('A', 0.25, 16, 2.0, 16)",5.7,1.9
case_073,2,1,10081626,10081626,10081626,1.0,141570432,141570432,,39,9367982.325445285,"('B', 0.1, 16, 8.0)",3.9,3.9
case_073,2,2,10081626,5980423,5980423,1.6858,141121024,137399424,,39,5906461.86633557,"('B', 0.1, 16, 8.0)",3.8,2.3
case_073,2,3,10081626,4515227,4515227,2.2328,140671616,133228416,,39,5136571.52958174,"('B', 0.1, 16, 1.0)",3.8,2.1
case_073,2,4,10081626,3528678,3528678,2.8571,113208960,99422208,,930,3948551.4785719044,"('B', 0.1, 64, 2.0)",4.6,3.1
case_073,2,5,10081626,3180041,3180041,3.1703,113372672,95977984,,908,3594538.88,"('B', 0.1, 16, 1.0)",4.8,3.0
case_073,3,1,10081626,10081626,10081626,1.0,141570432,141570432,0.0,39,9367982.325445285,"('C', 0.1, 64, 4.0)",4.6,3.5
case_073,3,2,10081626,5980423,5980423,1.6858,141121024,137399424,0.0,39,5906461.86633557,"('C', 0.1, 64, 4.0)",4.1,3.1
case_073,3,3,10081626,4515227,4515227,2.2328,140671616,133228416,0.0,39,5136571.52958174,"('C', 0.1, 16, 1.0)",4.7,2.7
case_073,3,4,10081626,2333884,2333884,4.3197,110301824,96449024,0.9081600003630802,941,3745433.542405152,"('C', 0.1, 16, 1.0)",5.2,2.9
case_073,3,5,10081626,1966377,1966377,5.127,112426496,94912000,0.9036441024236493,913,3566267.7333333334,"('C', 0.1, 16, 1.0)",5.5,4.6
case_074,1,1,1682239,1682239,1682239,1.0,6070280,6070280,,1,1594711.1577129192,single,3.4,0.0
case_074,1,2,1682239,819147,819147,2.0536,7647232,569344,,8,814688.0913943027,"('A', 0.1, 16, 2.0, 4)",3.0,3.8
case_074,1,3,1682239,545116,545116,3.086,8978432,155648,,12,551722.8165147478,"('A', 0.1, 16, 2.0, 4)",3.3,3.8
case_074,1,4,1682239,420945,420945,3.9963,11042816,0,,19,419374.6333333334,"('A', 0.1, 16, 2.0, 4)",3.4,4.4
case_074,1,5,1682239,346717,346717,4.8519,10895396,0,,22,341158.96666666673,"('A', 0.1, 16, 2.0, 4)",3.7,4.0
case_074,2,1,1682239,1682239,1682239,1.0,6070280,6070280,,1,1594711.1577129192,single,2.8,2.4
case_074,2,2,1682239,844362,844362,1.9923,5566464,4132864,,71,825467.6284022602,"('B', 0.1, 16, 8.0)",4.1,2.9
case_074,2,3,1682239,566541,566541,2.9693,5623808,2969600,,73,563872.5043044275,"('B', 0.1, 16, 8.0)",4.3,2.6
case_074,2,4,1682239,410615,410615,4.0969,5484544,1449984,,107,418923.89649308036,"('B', 0.1, 64, 8.0)",4.2,2.2
case_074,2,5,1682239,331554,331554,5.0738,7815192,757760,,161,340457.16012206645,"('B', 0.1, 64, 2.0)",4.0,3.4
case_074,3,1,1682239,1678120,1678120,1.0025,6070280,6070280,0.16680485013829857,1,1594711.1577129192,single,3.0,2.0
case_074,3,2,1682239,844257,856152,1.9926,5566464,4132864,0.2647954618430911,71,825467.6284022602,p2_plan,2.9,5.5
case_074,3,3,1682239,565825,582752,2.9731,5623808,2969600,0.2130713514313944,73,563872.5043044275,p2_plan,3.3,4.3
case_074,3,4,1682239,408338,418616,4.1197,5484544,1449984,0.22451669711382033,107,418923.89649308036,p2_plan,4.0,4.4
case_074,3,5,1682239,331891,339236,5.0686,7815192,757760,0.2828607445467456,161,340457.16012206645,p2_plan,4.1,5.0
case_075,1,1,1441809,1441809,1441809,1.0,0,0,,1,1442080.4,"('A', 1.0, 16, 2.0)",6.6,0.0
case_075,1,2,1441809,858973,858973,1.6785,7405912,0,,151,821989.7333333343,"('A', 1.0, 64, 8.0)",6.7,5.8
case_075,1,3,1441809,629735,629735,2.2895,8671606,0,,311,585029.1999999994,"('A', 1.0, 16, 0.0)",7.4,7.2
case_075,1,4,1441809,478623,478623,3.0124,8817556,0,,308,468352.30000000034,"('A', 0.25, 16, 4.0)",8.1,8.7
case_075,1,5,1441809,415282,415282,3.4719,9786322,0,,403,397381.2,"('A', 1.0, 64, 8.0)",10.6,11.9
case_075,2,1,1441809,1441809,1441809,1.0,0,0,,1,1442080.4,"('B', 1.0, 64, 0.0)",8.3,2.9
case_075,2,2,1441809,756932,756932,1.9048,3986438,0,,1678,678410.7333333332,"('B', 1.0, 64, 0.0)",7.4,5.5
case_075,2,3,1441809,484349,484349,2.9768,6911692,0,,1854,462654.9999999997,"('B', 0.1, 64, 2.0)",8.8,6.3
case_075,2,4,1441809,384503,384503,3.7498,7461234,0,,2197,373935.80000000005,"('B', 0.1, 64, 2.0)",9.7,7.0
case_075,2,5,1441809,344421,344421,4.1862,7808280,0,,2219,318234.8000000005,"('B', 0.1, 64, 2.0)",9.6,6.0
case_075,3,1,1441809,1441809,1441809,1.0,0,0,0.0,1,1442080.4,"('C', 1.0, 64, 0.0)",8.6,2.2
case_075,3,2,1441809,756451,756451,1.906,3983366,0,0.12016832902339787,1677,678410.7333333332,"('C', 1.0, 64, 0.0)",8.6,6.3
case_075,3,3,1441809,472992,472992,3.0483,6730956,0,0.28588186396736265,1890,457692.3333333333,"('C', 0.1, 64, 2.0)",9.4,7.7
case_075,3,4,1441809,374063,374063,3.8545,6965170,0,0.22478458331233125,2108,367259.39999999997,"('C', 0.1, 64, 4.0)",10.4,5.8
case_075,3,5,1441809,338204,338204,4.2631,7324568,0,0.24385082979756242,2160,314892.90666666697,"('C', 0.1, 64, 4.0)",10.1,5.7
case_076,1,1,6185113,6134951,6134951,1.0082,28952576,6401024,,16,6081245.055660835,"('A', 0.25, 16, 2.0, 16)",32.9,75.2
case_076,1,2,6185113,3040753,3040753,2.0341,37019648,232448,,32,3042199.1991456132,"('A', 0.25, 16, 2.0, 16)",34.6,62.5
case_076,1,3,6185113,2033776,2033776,3.0412,41537536,0,,48,2034375.5666666678,"('A', 0.25, 16, 2.0, 16)",26.4,70.7
case_076,1,4,6185113,1532984,1532984,4.0347,51113984,0,,64,1530789.800000002,"('A', 0.25, 16, 2.0, 16)",33.5,80.9
case_076,1,5,6185113,1234789,1234789,5.009,42224640,0,,40,1225779.9333333333,"('A', 0.1, 16, 2.0, 8)",41.8,223.0
case_076,2,1,6185113,6191198,6191198,0.999,22983680,22983680,,41,6097194.452973903,"('B', 0.1, 16, 8.0)",28.4,92.6
case_076,2,2,6185113,3082805,3082805,2.0063,23072768,19376128,,88,3092343.8018541452,"('B', 0.1, 16, 8.0)",26.3,61.0
case_076,2,3,6185113,2065556,2065556,2.9944,24660992,17863680,,132,2111464.997428683,"('B', 0.1, 16, 8.0)",32.6,57.8
case_076,2,4,6185113,1557381,1557381,3.9715,23712768,14633984,,180,1612988.886684731,"('B', 0.1, 16, 8.0)",28.7,38.9
case_076,2,5,6185113,1261340,1261340,4.9036,25110528,13328384,,247,1329357.730624828,"('B', 0.1, 16, 8.0)",31.9,40.7
case_076,3,1,6185113,6189612,6189612,0.9993,22983680,22983680,0.2087247313444052,41,6097194.452973903,"('C', 0.1, 64, 4.0)",33.3,95.3
case_076,3,2,6185113,3080207,3080207,2.008,23072768,19376128,0.3747425190067788,88,3092343.8018541452,p2_plan,31.4,60.6
case_076,3,3,6185113,2059951,2067094,3.0026,24660992,17863680,0.42796970126008776,132,2111464.997428683,p2_plan,32.5,110.6
case_076,3,4,6185113,1550066,1550066,3.9902,23712768,14633984,0.46666178730879015,180,1612988.886684731,p2_plan,39.0,50.5
case_076,3,5,6185113,1251777,1251777,4.9411,28364800,15262720,0.5415293859236249,246,1314429.2780722668,"('C', 0.25, 16, 8.0)",39.3,38.0
case_077,1,1,495320,495320,495320,1.0,0,0,,1,466680.0666666667,single,4.8,0.0
case_077,1,2,495320,252147,252147,1.9644,57344,0,,2,255611.73333333334,"('A', 1.0, 16, 2.0)",4.9,15.7
case_077,1,3,495320,173057,173057,2.8622,114688,0,,3,175116.43333333332,"('A', 1.0, 16, 2.0)",4.9,15.3
case_077,1,4,495320,135922,135922,3.6441,114688,0,,4,135096.73333333334,"('A', 1.0, 64, 8.0)",6.4,13.2
case_077,1,5,495320,115617,115617,4.2841,172032,0,,5,114830.53333333333,"('A', inf, 16, 0.0)",6.6,12.0
case_077,2,1,495320,495320,495320,1.0,0,0,,1,466680.0666666667,single,4.3,2.5
case_077,2,2,495320,247312,247312,2.0028,889292,0,,882,245588.2999999999,"('B', 0.1, 16, 1.0)",4.5,2.4
case_077,2,3,495320,170891,170891,2.8985,754252,0,,522,169376.03333333335,"('B', 0.25, 16, 2.0)",4.5,2.0
case_077,2,4,495320,137715,137715,3.5967,1390128,0,,975,131023.80000000005,"('B', 0.25, 16, 2.0)",4.9,2.9
case_077,2,5,495320,110799,110799,4.4704,1114420,0,,569,107501.90000000004,"('B', 1.0, 16, 4.0)",5.8,2.1
case_077,3,1,495320,495320,495320,1.0,0,0,0.0,1,466680.0666666667,single,4.9,2.0
case_077,3,2,495320,246928,246928,2.0059,884908,0,0.08936274409179816,878,244953.07199999993,"('C', 0.1, 16, 1.0)",5.2,4.1
case_077,3,3,495320,170507,170507,2.905,754252,0,0.09816937662392787,522,169376.03333333335,p2_plan,4.7,3.5
case_077,3,4,495320,133763,133763,3.703,1348780,0,0.17831822056486815,923,130095.30000000003,"('C', 0.25, 16, 8.0)",5.0,3.3
case_077,3,5,495320,107527,107527,4.6065,1373044,0,0.1534709531286196,585,104729.19333333334,"('C', 1.0, 16, 1.0)",6.2,3.5
case_078,1,1,2296143,2232760,2232760,1.0284,7401792,6336000,,8,2098387.900842145,"('A', 0.1, 16, 2.0, 8)",1.4,0.8
case_078,1,2,2296143,1182986,1182986,1.941,8741424,4248576,,16,1074098.8008780638,"('A', 0.1, 16, 2.0, 8)",1.0,0.7
case_078,1,3,2296143,788922,788922,2.9105,10077552,995328,,77,753342.5627081959,"('A', 0.25, 16, 2.0, 16)",1.7,0.9
case_078,1,4,2296143,690924,690924,3.3233,13146912,6701472,,4,588137.9583132243,"('A', 0.25, 16, 2.0)",1.4,0.8
case_078,1,5,2296143,569409,569409,4.0325,13075176,497664,,81,534360.3599759274,"('A', 0.25, 16, 2.0, 16)",1.6,1.2
case_078,2,1,2296143,2106006,2106006,1.0903,2307072,2307072,,45,2082699.6005709618,"('B', 0.1, 16, 8.0)",1.1,0.6
case_078,2,2,2296143,1053179,1053179,2.1802,3549312,1388544,,104,1044111.5220426081,"('B', 0.1, 64, 2.0)",0.9,0.7
case_078,2,3,2296143,706335,706335,3.2508,6803136,0,,285,702588.4,"('B', 0.1, 64, 2.0)",1.3,0.9
case_078,2,4,2296143,529091,529091,4.3398,7155936,0,,264,528031.2,"('B', 0.1, 64, 2.0)",1.4,1.0
case_078,2,5,2296143,452099,452099,5.0788,9593280,0,,406,435908.39999999985,"('B', 0.1, 64, 2.0)",1.3,1.2
case_078,3,1,2296143,2092414,2092414,1.0974,2307072,2307072,0.43647920896971837,45,2082699.6005709618,"('C', 0.1, 64, 4.0)",1.0,1.2
case_078,3,2,2296143,1042177,1042177,2.2032,2664576,500736,0.29888418193611155,109,1042012.5386623037,"('C', 0.1, 64, 4.0)",1.2,0.8
case_078,3,3,2296143,705317,705317,3.2555,5962104,0,0.5445599709017508,263,700796.8,"('C', 0.1, 64, 4.0)",1.5,0.9
case_078,3,4,2296143,526199,533553,4.3636,7155936,0,0.3246337246835097,264,528031.2,p2_plan,1.5,1.9
case_078,3,5,2296143,432919,432919,5.3039,11859648,0,0.5149753686676616,409,428422.7519999999,"('C', 0.1, 64, 2.0)",1.9,1.8
case_079,1,1,31052251,30834692,30834692,1.0071,35672064,393216,,16,29438619.928687785,"('A', 0.25, 16, 2.0, 16)",17.4,27.5
case_079,1,2,31052251,14732284,14732284,2.1078,41766912,0,,32,14732064.26666672,"('A', 0.25, 16, 2.0, 16)",18.5,21.4
case_079,1,3,31052251,9821140,9821140,3.1618,46362624,0,,24,9826769.333333412,"('A', 0.1, 16, 2.0, 8)",20.0,31.2
case_079,1,4,31052251,7386236,7386236,4.2041,49065984,0,,60,7386758.400000029,"('A', 0.25, 16, 2.0, 16)",21.2,17.9
case_079,1,5,31052251,5934806,5934806,5.2322,51836928,0,,20,5940851.466666686,"('A', 0.1, 16, 2.0, 4)",21.7,47.1
case_079,2,1,31052251,31052251,31052251,1.0,32448512,32448512,,42,29440532.28908286,"('B', 0.1, 16, 8.0)",14.0,36.1
case_079,2,2,31052251,15446486,15446486,2.0103,31780864,28131328,,96,14744812.361527793,"('B', 0.1, 16, 8.0)",13.2,23.2
case_079,2,3,31052251,10204163,10204163,3.0431,31383552,23408640,,144,9852542.315209497,"('B', 0.1, 16, 8.0)",14.1,19.2
case_079,2,4,31052251,7635624,7635624,4.0668,30445568,19496960,,288,7408850.911777524,"('B', 0.1, 16, 8.0)",14.5,16.3
case_079,2,5,31052251,6069662,6069662,5.116,36995072,18747392,,288,5992153.581775077,"('B', 0.1, 16, 8.0)",14.4,16.3
case_079,3,1,31052251,31052251,31052251,1.0,32448512,32448512,0.0,42,29440532.28908286,"('C', 0.1, 64, 4.0)",14.5,33.6
case_079,3,2,31052251,15446486,15446486,2.0103,31780864,28131328,0.0,96,14742557.728072306,"('C', 0.1, 64, 4.0)",14.7,22.0
case_079,3,3,31052251,10143173,10143173,3.0614,31444992,22659072,0.18782981530343007,144,9841138.17185146,"('C', 0.1, 64, 4.0)",15.2,19.4
case_079,3,4,31052251,7635624,7635624,4.0668,30445568,19496960,0.0,288,7391398.240756756,"('C', 0.1, 64, 4.0)",16.1,17.5
case_079,3,5,31052251,6039274,6039274,5.1417,34009088,15896576,0.41740382637317425,288,5960204.279123046,"('C', 0.25, 16, 8.0)",16.7,15.8
case_080,1,1,292138,292138,292138,1.0,548864,548864,,1,291066.36648689845,"('A', 0.25, 16, 2.0)",1.2,0.0
case_080,1,2,292138,145825,145825,2.0033,1675264,24576,,2,151493.69463119356,"('A', 0.25, 16, 2.0)",1.5,1.0
case_080,1,3,292138,100325,100325,2.9119,3047424,0,,3,109470.66666666667,"('A', 1.0, 16, 0.0)",1.9,1.0
case_080,1,4,292138,100325,106961,2.9119,3047424,0,,3,109470.66666666667,prev_n3,1.8,1.5
case_080,1,5,292138,87160,87160,3.3517,2158592,0,,5,92410.93333333348,"('A', 1.0, 16, 2.0)",2.7,0.8
case_080,2,1,292138,292138,292138,1.0,548864,548864,,18,291066.36648689845,"('B', 0.1, 16, 8.0)",1.0,0.8
case_080,2,2,292138,148240,148240,1.9707,1241088,0,,163,145151.86666666667,"('B', 0.1, 16, 8.0)",1.2,0.7
case_080,2,3,292138,98714,98714,2.9594,2310144,0,,301,97761.06666666667,"('B', 0.1, 16, 8.0)",1.4,1.0
case_080,2,4,292138,87220,87220,3.3494,2912256,0,,378,86760.13333333333,"('B', 0.1, 16, 8.0)",1.5,0.9
case_080,2,5,292138,84898,84898,3.441,3063808,0,,468,84634.40000000001,"('B', 0.1, 64, 8.0)",2.0,1.0
case_080,3,1,292138,291826,291826,1.0011,548864,548864,0.1686143572621035,18,291066.36648689845,"('C', 0.1, 64, 4.0)",1.6,1.3
case_080,3,2,292138,145942,145942,2.0017,2854912,0,0.38543689320388347,168,145151.86666666667,"('C', 0.1, 16, 1.0)",1.1,1.0
case_080,3,3,292138,98714,102699,2.9594,2310144,0,0.04633204633204633,301,97761.06666666667,p2_plan,1.0,1.9
case_080,3,4,292138,85795,85795,3.4051,3485696,0,0.16028225806451613,378,78968.39999999997,"('C', 0.1, 16, 1.0)",1.3,1.0
case_080,3,5,292138,83111,90408,3.515,3063808,0,0.03048065650644783,468,84634.40000000001,p2_plan,1.4,2.1
case_081,1,1,151795,151795,151795,1.0,0,0,,1,151895.66666666666,"('A', 0.25, 16, 2.0)",3.6,0.0
case_081,1,2,151795,76860,76860,1.975,0,0,,2,76925.66666666667,"('A', 0.25, 16, 2.0)",3.4,5.4
case_081,1,3,151795,51943,51943,2.9223,0,0,,3,51935.666666666664,"('A', 0.25, 16, 2.0)",3.6,4.2
case_081,1,4,151795,39588,39588,3.8344,0,0,,4,39440.666666666664,"('A', 0.25, 16, 2.0)",3.9,2.5
case_081,1,5,151795,30943,30943,4.9056,0,0,,5,31335.13333333333,"('A', 0.25, 16, 2.0)",3.3,5.2
case_081,2,1,151795,151795,151795,1.0,0,0,,43,151895.66666666666,"('B', 0.1, 16, 8.0)",3.0,3.0
case_081,2,2,151795,76860,76860,1.975,0,0,,85,76925.66666666667,"('B', 0.1, 16, 8.0)",2.8,2.9
case_081,2,3,151795,51943,51943,2.9223,0,0,,85,51935.666666666664,"('B', 0.1, 16, 8.0)",2.4,2.1
case_081,2,4,151795,39588,39588,3.8344,0,0,,85,39440.666666666664,"('B', 0.1, 16, 8.0)",2.9,1.3
case_081,2,5,151795,30943,30943,4.9056,0,0,,85,31335.13333333333,"('B', 0.1, 16, 8.0)",3.2,2.4
case_081,3,1,151795,151795,151795,1.0,0,0,0.0,43,151895.66666666666,"('C', 0.1, 64, 4.0)",3.1,3.0
case_081,3,2,151795,76860,76860,1.975,0,0,0.0,85,76925.66666666667,"('C', 0.1, 64, 4.0)",2.8,2.3
case_081,3,3,151795,51943,51943,2.9223,0,0,0.0,85,51935.666666666664,"('C', 0.1, 64, 4.0)",2.6,2.6
case_081,3,4,151795,39588,39588,3.8344,0,0,0.0,85,39440.666666666664,"('C', 0.1, 64, 4.0)",2.4,2.0
case_081,3,5,151795,30943,30943,4.9056,0,0,0.0,85,31335.13333333333,"('C', 0.1, 64, 4.0)",2.3,1.7
case_082,1,1,721041,721041,721041,1.0,0,0,,1,721448.9333333332,"('A', 1.0, 16, 2.0)",4.7,0.0
case_082,1,2,721041,415114,415114,1.737,4521662,0,,58,401672.8666666669,"('A', 1.0, 64, 8.0)",5.6,4.1
case_082,1,3,721041,307972,307972,2.3413,6224816,0,,118,285513.3333333333,"('A', 0.1, 64, 1.0)",5.2,4.1
case_082,1,4,721041,246042,246042,2.9306,5998598,0,,167,210715.2000000002,"('A', 1.0, 64, 8.0)",5.5,4.5
case_082,1,5,721041,222598,222598,3.2392,6690454,0,,225,188306.23333333345,"('A', 0.1, 64, 1.0)",5.2,4.8
case_082,2,1,721041,721041,721041,1.0,0,0,,1,721448.9333333332,"('B', 1.0, 64, 0.0)",3.0,1.4
case_082,2,2,721041,360959,360959,1.9976,1915206,0,,1029,347297.99999999994,"('B', 0.1, 64, 2.0)",3.2,2.6
case_082,2,3,721041,247094,247094,2.9181,2735372,0,,1257,234454.0,"('B', 0.1, 64, 8.0)",3.6,3.0
case_082,2,4,721041,190412,190412,3.7867,5685618,0,,1521,171345.39999999994,"('B', 1.0, 64, 0.0)",3.8,3.7
case_082,2,5,721041,164720,164720,4.3774,3521656,0,,1359,144690.80000000005,"('B', 0.1, 64, 8.0)",4.5,3.9
case_082,3,1,721041,721041,721041,1.0,0,0,0.0,1,721448.9333333332,"('C', 1.0, 64, 0.0)",5.7,2.4
case_082,3,2,721041,359861,359861,2.0037,1838662,0,0.10924820866086771,1038,346967.99999999994,"('C', 0.1, 64, 2.0)",5.7,3.4
case_082,3,3,721041,246172,246172,2.929,2735372,0,0.19232607894183507,1257,234454.0,p2_plan,5.9,4.2
case_082,3,4,721041,181644,181644,3.9695,5874226,0,0.33780732774832584,1497,169160.4666666666,"('C', 1.0, 64, 0.0)",4.3,4.5
case_082,3,5,721041,163612,163612,4.407,3521656,0,0.33458488839237116,1359,144690.80000000005,p2_plan,4.7,3.8
case_083,1,1,1057993,1010740,1010740,1.0468,20416320,6460320,,16,939101.0367955362,"('A', 0.25, 16, 2.0, 16)",3.4,2.4
case_083,1,2,1057993,624895,624895,1.6931,27912000,0,,31,501989.333333337,"('A', 0.25, 16, 2.0, 16)",2.8,2.5
case_083,1,3,1057993,541850,541850,1.9526,20416320,6460320,,16,446961.3333333337,"('A', 0.1, 16, 2.0, 8)",4.2,1.8
case_083,1,4,1057993,274419,274419,3.8554,7566304,294912,,64,242940.68665064342,"('A', 0.1, 16, 2.0, 8)",4.7,2.0
case_083,1,5,1057993,273594,273594,3.867,7460608,0,,75,229373.7333333334,"('A', 0.1, 16, 2.0, 8)",4.5,2.2
case_083,2,1,1057993,1057993,1057993,1.0,13934688,13934688,,31,959522.0215012734,"('B', 0.1, 16, 8.0)",3.9,3.2
case_083,2,2,1057993,644672,644672,1.6411,14241216,13310816,,31,606887.4890968897,"('B', 0.1, 16, 8.0)",2.4,2.3
case_083,2,3,1057993,512623,512623,2.0639,14842752,12981952,,31,538701.1208686216,"('B', 1.0, 64, 0.0)",2.3,2.2
case_083,2,4,1057993,217963,217963,4.854,2234144,0,,476,216803.7333333334,"('B', 0.1, 16, 8.0)",2.5,3.2
case_083,2,5,1057993,195514,195514,5.4113,7047552,0,,732,183692.40000000002,"('B', 0.1, 64, 2.0)",2.6,2.6
case_083,3,1,1057993,946145,946145,1.1182,13934688,13934688,0.7958684091545202,31,959522.0215012734,"('C', 0.1, 64, 4.0)",2.6,3.1
case_083,3,2,1057993,535329,535329,1.9763,14241216,13310816,0.7076181170611782,31,597786.9648980738,"('C', 0.1, 64, 4.0)",2.3,2.5
case_083,3,3,1057993,402691,402691,2.6273,14842752,12981952,0.6590289066365114,31,511973.1979520783,"('C', 0.1, 64, 4.0)",2.6,2.3
case_083,3,4,1057993,217193,221438,4.8712,2234144,0,0.3620261978328039,476,216803.7333333334,p2_plan,3.1,5.4
case_083,3,5,1057993,185373,185373,5.7074,5331328,0,0.31137040232676405,592,172909.6,"('C', 0.1, 64, 4.0)",2.8,2.5
case_084,1,1,2507412,2507412,2507412,1.0,0,0,,1,2507409.6,"('A', 0.25, 16, 2.0)",7.8,0.0
case_084,1,2,2507412,1255052,1255052,1.9979,0,0,,2,1254945.5999999999,"('A', 0.25, 16, 2.0)",7.8,80.2
case_084,1,3,2507412,836220,836220,2.9985,0,0,,3,836212.8666666667,"('A', 0.25, 16, 2.0)",11.0,55.1
case_084,1,4,2507412,629028,629028,3.9862,0,0,,4,628713.6,"('A', 0.25, 16, 2.0)",10.8,37.6
case_084,1,5,2507412,503472,503472,4.9802,0,0,,5,503155.23333333334,"('A', 0.25, 16, 2.0)",11.6,27.9
case_084,2,1,2507412,2507412,2507412,1.0,0,0,,42,2507409.6,"('B', 0.1, 16, 8.0)",8.5,9.9
case_084,2,2,2507412,1255052,1255052,1.9979,0,0,,84,1254945.5999999999,"('B', 0.1, 16, 8.0)",7.6,7.0
case_084,2,3,2507412,836220,836220,2.9985,0,0,,135,836212.8666666667,"('B', 0.1, 16, 8.0)",7.3,6.3
case_084,2,4,2507412,629028,629028,3.9862,0,0,,180,628713.6,"('B', 0.1, 16, 8.0)",7.4,5.8
case_084,2,5,2507412,503472,503472,4.9802,0,0,,217,503155.23333333334,"('B', 0.1, 16, 8.0)",9.5,7.7
case_084,3,1,2507412,2507412,2507412,1.0,0,0,0.0,42,2507409.6,"('C', 0.1, 64, 4.0)",7.9,13.9
case_084,3,2,2507412,1255052,1255052,1.9979,0,0,0.0,84,1254945.5999999999,"('C', 0.1, 64, 4.0)",10.1,10.4
case_084,3,3,2507412,836220,836220,2.9985,0,0,0.0,135,836212.8666666667,"('C', 0.1, 64, 4.0)",10.2,7.7
case_084,3,4,2507412,629028,629028,3.9862,0,0,0.0,180,628713.6,"('C', 0.1, 64, 4.0)",9.9,7.2
case_084,3,5,2507412,503472,503472,4.9802,0,0,0.0,217,503155.23333333334,"('C', 0.1, 64, 4.0)",9.5,5.4
case_085,1,1,3187899,3187899,3187899,1.0,0,0,,1,3188443.466666667,"('A', 1.0, 16, 2.0)",21.8,0.0
case_085,1,2,3187899,2061361,2061361,1.5465,19509586,0,,164,2007935.833333333,"('A', 1.0, 16, 0.0)",21.6,18.9
case_085,1,3,3187899,1296629,1296629,2.4586,21012072,0,,269,1232851.5666666687,"('A', 0.25, 16, 1.0)",23.1,21.4
case_085,1,4,3187899,1064742,1064742,2.9941,23029116,0,,459,1026335.6000000001,"('A', 0.25, 16, 2.0)",28.1,31.5
case_085,1,5,3187899,888282,888282,3.5888,24039044,0,,617,827312.6666666667,"('A', 0.25, 16, 2.0, 16)",27.9,31.6
case_085,2,1,3187899,3187899,3187899,1.0,0,0,,1,3188443.466666667,"('B', 1.0, 64, 0.0)",14.2,11.5
case_085,2,2,3187899,1746028,1746028,1.8258,9070602,1068100,,3635,1677773.5888189906,"('B', 0.1, 64, 2.0)",18.5,23.4
case_085,2,3,3187899,1173619,1173619,2.7163,12290220,0,,4608,1115704.7999999998,"('B', 0.1, 16, 1.0)",20.4,22.2
case_085,2,4,3187899,892645,892645,3.5713,16597682,0,,4850,848910.1333333339,"('B', 0.1, 16, 1.0)",21.9,20.0
case_085,2,5,3187899,732944,732944,4.3494,19020088,0,,4949,677094.6666666667,"('B', 0.25, 16, 2.0)",26.3,19.8
case_085,3,1,3187899,3187899,3187899,1.0,0,0,0.0,1,3188443.466666667,"('C', 1.0, 64, 0.0)",14.7,8.9
case_085,3,2,3187899,1745943,1745943,1.8259,9070602,1068100,0.14606323306305227,3635,1677773.5888189906,p2_plan,16.0,19.5
case_085,3,3,3187899,1170307,1170307,2.724,12290220,0,0.24353858204891238,4608,1115704.7999999998,p2_plan,17.6,19.0
case_085,3,4,3187899,880270,880270,3.6215,17266706,0,0.29935635949161316,4866,848163.1253333332,"('C', 0.1, 16, 1.0)",20.8,24.5
case_085,3,5,3187899,712169,712169,4.4763,15984856,0,0.34544313682426364,4717,671236.5333333334,"('C', 0.25, 16, 8.0)",24.2,18.8
case_086,1,1,118403,118403,118403,1.0,0,0,,1,117477.46666666667,"('A', 0.25, 16, 2.0)",6.7,0.0
case_086,1,2,118403,98219,98219,1.2055,2961400,0,,57,86085.2666666667,"('A', 0.25, 16, 2.0)",6.2,3.0
case_086,1,3,118403,82096,82096,1.4423,3249412,0,,108,65755.4,"('A', 0.25, 16, 2.0)",6.9,3.1
case_086,1,4,118403,82096,82863,1.4423,3249412,0,,108,65755.4,prev_n3,8.2,4.2
case_086,1,5,118403,79585,79585,1.4878,3515694,0,,206,59901.40000000001,"('A', 0.1, 16, 2.0, 4)",8.2,5.2
case_086,2,1,118403,117885,117885,1.0044,21510,21510,,43,117499.40997641912,"('B', 0.1, 16, 8.0)",4.9,2.3
case_086,2,2,118403,61420,61420,1.9278,1254758,0,,1205,61147.0,"('B', 0.1, 64, 2.0)",5.6,3.0
case_086,2,3,118403,45727,45727,2.5893,1311788,0,,1473,43276.86666666668,"('B', 0.1, 64, 8.0)",5.9,2.6
case_086,2,4,118403,45727,46883,2.5893,1311788,0,,1473,43276.86666666668,prev_n3,6.1,3.0
case_086,2,5,118403,45727,48096,2.5893,1311788,0,,1473,43276.86666666668,prev_n4,6.8,2.3
case_086,3,1,118403,117885,117885,1.0044,21510,21510,1.8078605777922408e-05,43,117499.40997641912,"('C', 0.1, 64, 4.0)",5.8,2.2
case_086,3,2,118403,60424,60424,1.9595,1044742,0,0.14262342601905248,1110,60168.333333333336,"('C', 0.1, 64, 4.0)",7.5,2.7
case_086,3,3,118403,45287,46355,2.6145,1311788,0,0.15506181358605056,1473,43276.86666666668,p2_plan,6.8,6.6
case_086,3,4,118403,41236,41236,2.8714,1478194,0,0.2790956606213186,1055,38862.73333333334,"('C', 0.25, 16, 8.0)",7.7,2.3
case_086,3,5,118403,39841,39841,2.9719,1828984,0,0.3344549935604896,1189,37110.46666666667,"('C', 0.25, 16, 8.0)",8.6,2.8
case_087,1,1,3974071,3944653,3944653,1.0075,10876948,2488320,,8,3917053.570061587,"('A', 0.1, 16, 2.0, 8)",25.3,130.9
case_087,1,2,3974071,1983728,1983728,2.0033,13298688,580608,,13,1982977.0419041684,"('A', inf, 16, 0.0, 8)",26.6,337.2
case_087,1,3,3974071,1334140,1334140,2.9788,16174080,0,,19,1344036.0000000007,"('A', inf, 16, 0.0, 8)",27.6,430.6
case_087,1,4,3974071,1018506,1018506,3.9019,19077120,0,,24,1027778.7333333336,"('A', inf, 16, 0.0, 8)",34.0,406.0
case_087,1,5,3974071,834765,834765,4.7607,21358080,0,,30,839746.466666667,"('A', inf, 16, 0.0, 8)",29.6,473.9
case_087,2,1,3974071,3960487,3960487,1.0034,8028968,8028968,,44,3920370.012875457,"('B', 0.1, 16, 8.0)",23.3,61.2
case_087,2,2,3974071,1992743,1992743,1.9943,14253708,7230192,,4133,1958124.3081708793,"('B', 0.1, 16, 8.0)",29.5,57.7
case_087,2,3,3974071,1371097,1371097,2.8985,18144136,6343376,,4953,1340870.763662345,"('B', 0.1, 16, 8.0)",27.7,39.2
case_087,2,4,3974071,1078122,1078122,3.6861,18944900,5228688,,5397,1052778.599357172,"('B', 0.1, 16, 8.0)",31.2,40.5
case_087,2,5,3974071,909710,909710,4.3685,19730432,4187664,,5353,877771.5330353167,"('B', 0.1, 16, 8.0)",33.5,40.7
case_087,3,1,3974071,3957935,3957935,1.0041,8028968,8028968,0.07988744356872828,44,3920370.012875457,"('C', 0.1, 64, 4.0)",27.4,59.7
case_087,3,2,3974071,1980414,1980414,2.0067,14976556,7829712,0.25414507083881266,3959,1957450.9125435038,"('C', 0.25, 16, 8.0)",29.7,49.5
case_087,3,3,3974071,1365394,1365394,2.9106,20964936,6435408,0.3451138920518003,5296,1335814.833291375,"('C', 0.1, 64, 2.0)",32.8,50.2
case_087,3,4,3974071,1043892,1043892,3.807,20878980,5432848,0.3772113720114007,5253,1026458.328687905,"('C', 0.25, 16, 8.0)",39.2,48.6
case_087,3,5,3974071,883124,883124,4.5,21986720,4097552,0.39694573225646185,5453,852354.4971997221,"('C', 0.25, 16, 8.0)",41.2,44.4
case_088,1,1,243623,243623,243623,1.0,0,0,,1,239922.7,"('A', 0.25, 16, 2.0)",3.5,0.0
case_088,1,2,243623,143501,143501,1.6977,1741398,0,,50,137745.30000000016,"('A', 0.25, 16, 1.0)",3.6,2.5
case_088,1,3,243623,123774,123774,1.9683,2592494,0,,119,114192.33333333337,"('A', 1.0, 16, 0.0)",3.6,3.0
case_088,1,4,243623,100649,100649,2.4205,2555438,0,,126,88453.60000000008,"('A', 0.25, 16, 1.0)",4.3,2.9
case_088,1,5,243623,94781,94781,2.5704,2519016,0,,156,85001.50000000007,"('A', 0.25, 16, 2.0)",3.9,3.8
case_088,2,1,243623,240772,240772,1.0118,0,0,,45,239922.7,"('B', 0.1, 16, 8.0)",2.7,2.0
case_088,2,2,243623,127509,127509,1.9106,884646,0,,593,118451.43333333333,"('B', 0.1, 16, 8.0)",2.8,2.5
case_088,2,3,243623,92549,92549,2.6324,1679980,0,,866,85413.36666666667,"('B', 0.1, 64, 2.0)",3.1,2.4
case_088,2,4,243623,79599,79599,3.0606,1964722,0,,700,72176.53333333334,"('B', 0.25, 16, 2.0)",3.2,2.3
case_088,2,5,243623,79599,80107,3.0606,1964722,0,,700,72176.53333333334,prev_n4,3.8,3.0
case_088,3,1,243623,240772,240772,1.0118,0,0,0.0,45,239922.7,"('C', 0.1, 64, 4.0)",4.5,1.9
case_088,3,2,243623,119473,119473,2.0391,1358502,0,0.21582909452195548,771,117656.076,"('C', 0.1, 64, 4.0)",4.9,2.2
case_088,3,3,243623,91358,92808,2.6667,1679980,0,0.17137835485567238,866,85413.36666666667,p2_plan,5.9,4.5
case_088,3,4,243623,78922,78922,3.0869,2173970,0,0.14489892438400206,898,68557.76666666668,"('C', 0.1, 64, 2.0)",5.4,2.3
case_088,3,5,243623,75262,75262,3.237,2231256,0,0.13774021039160683,864,63963.36666666667,"('C', 0.1, 64, 2.0)",5.3,2.7
case_089,1,1,693092,693092,693092,1.0,0,0,,1,693089.7333333334,"('A', 0.25, 16, 2.0)",5.5,0.0
case_089,1,2,693092,346832,346832,1.9984,238720,0,,2,350736.6666666667,"('A', 0.25, 16, 2.0)",4.3,8.1
case_089,1,3,693092,243614,243614,2.845,477440,0,,3,242769.73333333334,"('A', 0.25, 16, 2.0)",4.5,3.4
case_089,1,4,693092,178160,178160,3.8903,716160,0,,4,185630.53333333333,"('A', 0.25, 16, 1.0)",5.3,3.0
case_089,1,5,693092,147432,147432,4.7011,954880,0,,5,127768.93333333333,"('A', 0.1, 64, 1.0)",5.4,2.4
case_089,2,1,693092,693092,693092,1.0,0,0,,40,693089.7333333334,"('B', 0.1, 16, 8.0)",4.0,2.4
case_089,2,2,693092,346832,346832,1.9984,238720,0,,40,350736.6666666667,"('B', 0.1, 16, 1.0)",3.7,1.7
case_089,2,3,693092,243614,243614,2.845,477440,0,,40,242769.73333333334,"('B', 0.1, 16, 8.0)",3.8,1.9
case_089,2,4,693092,178160,178160,3.8903,716160,0,,40,185630.53333333333,"('B', 0.1, 16, 1.0)",3.6,1.6
case_089,2,5,693092,128195,128195,5.4065,1436160,0,,370,127837.2,"('B', 0.1, 16, 1.0)",4.2,2.0
case_089,3,1,693092,693092,693092,1.0,0,0,0.0,40,693089.7333333334,"('C', 0.1, 64, 4.0)",4.4,2.2
case_089,3,2,693092,346832,346832,1.9984,238720,0,0.0,40,350736.6666666667,"('C', 0.1, 64, 4.0)",3.8,2.2
case_089,3,3,693092,243614,243614,2.845,477440,0,0.0,40,242769.73333333334,"('C', 0.1, 64, 4.0)",4.1,1.7
case_089,3,4,693092,178160,178160,3.8903,716160,0,0.0,40,177675.6,"('C', 0.1, 64, 4.0)",4.3,1.7
case_089,3,5,693092,128103,128103,5.4104,1550336,0,0.392951047869461,514,127837.2,"('C', 0.1, 64, 4.0)",4.6,1.9
case_090,1,1,1178363,1011768,1011768,1.1647,25781760,0,,13,902479.5999999999,"('A', 0.25, 16, 2.0, 16)",1.4,1.4
case_090,1,2,1178363,679752,679752,1.7335,25781760,0,,13,500202.80000000214,"('A', 0.25, 16, 2.0, 16)",1.4,1.6
case_090,1,3,1178363,500228,500228,2.3557,14431368,8371200,,37,482559.69085819944,"('A', 0.1, 16, 2.0, 8)",1.7,1.2
case_090,1,4,1178363,377926,377926,3.118,11273856,2396160,,97,344792.9558247769,"('A', 0.25, 16, 2.0, 16)",2.7,1.2
case_090,1,5,1178363,377926,386470,3.118,11273856,2396160,,97,344792.9558247769,prev_n4,2.5,1.0
case_090,2,1,1178363,1178363,1178363,1.0,21233592,21233592,,13,1082161.4027371942,"('B', 0.1, 16, 8.0)",1.6,1.0
case_090,2,2,1178363,482240,482240,2.4435,3307776,2362752,,269,448677.1445345937,"('B', 0.1, 16, 8.0)",1.4,1.3
case_090,2,3,1178363,341347,341347,3.4521,3354624,2171904,,311,315707.9459937977,"('B', 0.1, 16, 8.0)",2.8,1.5
case_090,2,4,1178363,236201,236201,4.9888,1560576,0,,367,232911.6,"('B', 0.1, 64, 8.0)",1.7,1.3
case_090,2,5,1178363,195764,195764,6.0193,1745376,0,,457,194524.8,"('B', 0.1, 64, 8.0)",1.7,1.6
case_090,3,1,1178363,1178363,1178363,1.0,21233592,21233592,0.0,13,1082161.4027371942,"('C', 0.1, 64, 4.0)",1.5,0.9
case_090,3,2,1178363,449944,449944,2.6189,4820352,2076672,0.40999913314840497,310,445310.6144992718,"('C', 0.1, 16, 1.0)",2.0,1.0
case_090,3,3,1178363,319018,319018,3.6937,6976896,1992192,0.4003853997631683,317,307947.3000101578,"('C', 0.1, 64, 2.0)",1.8,0.9
case_090,3,4,1178363,233184,233184,5.0534,4943232,0,0.46854335047759,367,227281.59999999998,"('C', 0.1, 64, 4.0)",2.2,1.3
case_090,3,5,1178363,193402,203193,6.0928,1745376,0,0.24883287907817686,457,194524.8,p2_plan,2.3,3.2
case_091,1,1,9186769,9129494,9129494,1.0063,53326464,17067648,,16,9054506.191944608,"('A', 0.25, 16, 2.0, 16)",25.1,58.1
case_091,1,2,9186769,4557422,4557422,2.0158,65381344,3846624,,32,4543341.511011421,"('A', 0.25, 16, 2.0, 16)",27.3,81.4
case_091,1,3,9186769,3052305,3052305,3.0098,73493312,981312,,48,3037931.9750464917,"('A', 0.25, 16, 2.0, 16)",29.9,100.1
case_091,1,4,9186769,2310551,2310551,3.976,79378080,699552,,32,2292722.950448755,"('A', inf, 16, 0.0, 8)",41.1,222.4
case_091,1,5,9186769,1906081,1906081,4.8197,86388384,538272,,40,1850820.8515412027,"('A', inf, 16, 0.0, 8)",45.1,285.8
case_091,2,1,9186769,9176926,9176926,1.0011,46147200,46147200,,41,9099255.99033797,"('B', 0.1, 16, 8.0)",28.6,100.5
case_091,2,2,9186769,4574299,4574299,2.0083,51322336,44933088,,88,4707519.28172771,"('B', 0.1, 16, 8.0)",25.0,63.7
case_091,2,3,9186769,3069575,3069575,2.9928,56808928,45074400,,133,3336324.1751485583,"('B', 0.1, 16, 8.0)",27.7,53.7
case_091,2,4,9186769,2335621,2335621,3.9333,57693664,41950176,,176,2675548.8473764774,"('B', 0.1, 16, 8.0)",31.8,49.6
case_091,2,5,9186769,1898921,1898921,4.8379,58796512,40202208,,262,2318640.8605009983,"('B', 0.1, 16, 8.0)",36.5,51.3
case_091,3,1,9186769,9156707,9156707,1.0033,46147200,46147200,0.1720689529501804,41,9099255.99033797,"('C', 0.1, 64, 4.0)",34.5,87.0
case_091,3,2,9186769,4563675,4563675,2.013,52718560,46329312,0.30777098820270077,88,4703393.122298958,"('C', 0.1, 64, 4.0)",20.7,47.5
case_091,3,3,9186769,3034239,3034239,3.0277,58438976,45927744,0.3896982848204691,133,3316992.5872666854,"('C', 0.25, 16, 8.0)",22.9,51.8
case_091,3,4,9186769,2303079,2303079,3.9889,63408288,45265056,0.4307068194929976,176,2662279.7212864496,"('C', 0.25, 16, 8.0)",31.6,45.7
case_091,3,5,9186769,1878325,1878325,4.8909,64230400,41702400,0.43862098903881636,262,2269289.235821951,"('C', 0.25, 16, 8.0)",31.2,42.2
case_092,1,1,4815554,4876054,4876054,0.9876,68221152,61708352,,8,4390205.84374033,"('A', 0.1, 16, 2.0, 8)",12.7,28.4
case_092,1,2,4815554,2996799,2996799,1.6069,75145440,49094240,,29,2673385.574215838,"('A', 0.25, 16, 2.0, 16)",11.9,11.3
case_092,1,3,4815554,2421937,2421937,1.9883,84375392,40646592,,48,2184211.840000002,"('A', 0.25, 16, 2.0, 16)",13.0,11.4
case_092,1,4,4815554,2163426,2163426,2.2259,84375392,40646592,,48,1858674.240000001,"('A', 0.25, 16, 2.0, 16)",18.3,12.5
case_092,1,5,4815554,2004864,2004864,2.4019,78341248,45777248,,36,1777221.4933333346,"('A', 0.1, 16, 2.0, 8)",18.6,13.0
case_092,2,1,4815554,4815554,4815554,1.0,66000096,66000096,,48,4400187.3833203865,"('B', 0.1, 16, 8.0)",14.2,30.3
case_092,2,2,4815554,2828252,2828252,1.7027,66389088,65458688,,142,2776384.957249847,"('B', 1.0, 64, 0.0)",12.4,18.9
case_092,2,3,4815554,2231804,2231804,2.1577,66784736,64923936,,142,2475069.4844281888,"('B', 1.0, 64, 0.0)",12.9,15.8
case_092,2,4,4815554,1927728,1927728,2.498,67180384,64389184,,142,2326737.28,"('B', 1.0, 64, 0.0)",12.9,13.8
case_092,2,5,4815554,1765171,1765171,2.7281,67068032,63346432,,142,2116826.506666667,"('B', 0.1, 16, 8.0)",12.6,11.9
case_092,3,1,4815554,4333631,4333631,1.1112,66000096,66000096,0.7935495964003455,48,4400187.3833203865,"('C', 0.1, 64, 4.0)",14.1,26.9
case_092,3,2,4815554,2358868,2358868,2.0415,66389088,65458688,0.7591771943849205,142,2766370.3179963096,"('C', 0.1, 64, 2.0)",14.2,20.6
case_092,3,3,4815554,1792534,1792534,2.6865,66784736,64923936,0.6541586932458932,142,2444869.151691459,"('C', 0.1, 64, 4.0)",14.8,20.2
case_092,3,4,4815554,1470508,1470508,3.2748,67180384,64389184,0.6479121478881523,142,2323220.7466666666,"('C', 0.1, 64, 2.0)",15.1,14.4
case_092,3,5,4815554,1351088,1351088,3.5642,66980256,63258656,0.580675424788359,142,2102398.1866666665,"('C', 0.1, 64, 2.0)",14.2,12.5
case_093,1,1,74205,74205,74205,1.0,0,0,,1,74202.4,"('A', 0.25, 16, 2.0)",0.9,0.0
case_093,1,2,74205,37827,37827,1.9617,8192,0,,2,37754.399999999994,"('A', 0.25, 16, 2.0)",0.8,0.8
case_093,1,3,74205,25103,25103,2.956,16384,0,,3,25436.533333333336,"('A', 0.25, 16, 2.0)",0.9,0.6
case_093,1,4,74205,19779,19779,3.7517,24576,0,,4,19530.4,"('A', 0.25, 16, 2.0)",0.8,0.6
case_093,1,5,74205,15876,15876,4.674,32768,0,,5,16061.6,"('A', 0.25, 16, 1.0)",1.0,0.5
case_093,2,1,74205,74205,74205,1.0,0,0,,69,74202.4,"('B', 0.1, 16, 8.0)",0.6,0.5
case_093,2,2,74205,37827,37827,1.9617,8192,0,,69,37754.399999999994,"('B', 0.1, 16, 8.0)",0.7,0.6
case_093,2,3,74205,25103,25103,2.956,16384,0,,69,25436.533333333336,"('B', 0.1, 16, 1.0)",0.5,0.5
case_093,2,4,74205,19779,19779,3.7517,24576,0,,69,19530.4,"('B', 0.1, 64, 2.0)",0.6,0.5
case_093,2,5,74205,15876,15876,4.674,32768,0,,69,16061.6,"('B', 0.1, 16, 1.0)",0.5,0.5
case_093,3,1,74205,74205,74205,1.0,0,0,0.0,69,74202.4,"('C', 0.1, 64, 4.0)",0.6,0.5
case_093,3,2,74205,37827,37827,1.9617,8192,0,0.0,69,37754.399999999994,"('C', 0.1, 64, 4.0)",0.9,0.5
case_093,3,3,74205,25103,25103,2.956,16384,0,0.0,69,25334.133333333335,"('C', 0.1, 64, 4.0)",0.6,0.6
case_093,3,4,74205,19779,19779,3.7517,24576,0,0.0,69,19530.4,"('C', 0.1, 64, 4.0)",0.7,0.8
case_093,3,5,74205,15876,15876,4.674,32768,0,0.0,69,15856.8,"('C', 0.1, 64, 4.0)",0.8,0.5
case_094,1,1,94892,94892,94892,1.0,0,0,,1,93922.63333333335,"('A', 0.25, 16, 2.0)",0.6,0.0
case_094,1,2,94892,53457,53457,1.7751,659232,0,,5,45220.13333333341,"('A', 0.1, 64, 1.0)",1.0,0.6
case_094,1,3,94892,29515,29515,3.215,669024,0,,12,29908.700000000004,"('A', 0.1, 16, 2.0, 4)",0.7,0.8
case_094,1,4,94892,27135,27135,3.497,580896,0,,8,23102.100000000002,"('A', 0.25, 16, 4.0)",0.9,0.6
case_094,1,5,94892,22699,22699,4.1804,424800,0,,5,20633.63333333333,"('A', 1.0, 16, 0.0)",0.9,0.5
case_094,2,1,94892,93924,93924,1.0103,0,0,,32,93922.63333333335,"('B', 0.1, 16, 8.0)",0.6,0.5
case_094,2,2,94892,45591,45591,2.0814,211968,0,,96,43000.566666666666,"('B', 0.1, 64, 8.0)",0.6,0.4
case_094,2,3,94892,30736,30736,3.0873,382752,0,,88,26833.033333333333,"('B', 0.1, 16, 8.0)",0.6,0.5
case_094,2,4,94892,19786,19786,4.7959,516960,0,,88,19714.63333333333,"('B', 0.25, 16, 2.0)",0.7,0.5
case_094,2,5,94892,19786,20028,4.7959,516960,0,,88,19714.63333333333,prev_n4,0.7,0.5
case_094,3,1,94892,93924,93924,1.0103,0,0,0.0,32,93922.63333333335,"('C', 0.1, 64, 4.0)",0.7,0.4
case_094,3,2,94892,45591,45591,2.0814,211968,0,0.06187892786163184,96,43000.566666666666,p2_plan,0.6,0.6
case_094,3,3,94892,30736,30736,3.0873,382752,0,0.07121144389807778,88,26833.033333333333,p2_plan,0.8,0.6
case_094,3,4,94892,19618,19618,4.837,480096,0,0.1235622873805281,88,19467.433333333334,"('C', 0.25, 16, 8.0)",0.6,0.5
case_094,3,5,94892,18231,18231,5.205,585792,0,0.18544454628780935,96,17195.766666666666,"('C', 0.25, 16, 8.0)",0.7,0.4
case_095,1,1,2084853,2084853,2084853,1.0,0,0,,1,2084851.2,"('A', 0.25, 16, 2.0)",4.5,0.0
case_095,1,2,2084853,1042890,1042890,1.9991,0,0,,2,1042886.4333333333,"('A', 0.25, 16, 2.0)",4.1,10.1
case_095,1,3,2084853,695775,695775,2.9964,0,0,,3,695769.6666666666,"('A', 0.25, 16, 2.0)",4.4,6.8
case_095,1,4,2084853,524422,524422,3.9755,0,0,,4,524006.43333333335,"('A', 0.25, 16, 2.0)",5.1,6.8
case_095,1,5,2084853,420852,420852,4.9539,0,0,,5,420230.43333333335,"('A', 0.25, 16, 2.0)",6.1,6.1
case_095,2,1,2084853,2084853,2084853,1.0,0,0,,42,2084851.2,"('B', 0.1, 16, 8.0)",4.4,2.9
case_095,2,2,2084853,1042890,1042890,1.9991,0,0,,94,1042886.4333333333,"('B', 0.1, 16, 8.0)",4.1,2.9
case_095,2,3,2084853,695775,695775,2.9964,0,0,,156,695769.6666666666,"('B', 0.1, 16, 8.0)",3.5,1.8
case_095,2,4,2084853,524422,524422,3.9755,0,0,,232,524006.43333333335,"('B', 0.1, 16, 8.0)",3.6,1.8
case_095,2,5,2084853,420852,420852,4.9539,0,0,,232,420230.43333333335,"('B', 0.1, 16, 8.0)",3.7,2.3
case_095,3,1,2084853,2084853,2084853,1.0,0,0,0.0,42,2084851.2,"('C', 0.1, 64, 4.0)",5.2,2.9
case_095,3,2,2084853,1042890,1042890,1.9991,0,0,0.0,94,1042886.4333333333,"('C', 0.1, 64, 4.0)",4.2,2.4
case_095,3,3,2084853,695775,695775,2.9964,0,0,0.0,156,695769.6666666666,"('C', 0.1, 64, 4.0)",4.9,2.7
case_095,3,4,2084853,524422,524422,3.9755,0,0,0.0,232,524006.43333333335,"('C', 0.1, 64, 4.0)",4.8,2.0
case_095,3,5,2084853,420852,420852,4.9539,0,0,0.0,232,420230.43333333335,"('C', 0.1, 64, 4.0)",4.5,1.8
case_096,1,1,84194,84194,84194,1.0,0,0,,1,82926.33333333333,"('A', 0.25, 16, 2.0)",0.9,0.0
case_096,1,2,84194,43100,43100,1.9535,67392,0,,2,42051.33333333333,"('A', 1.0, 16, 2.0)",0.9,1.2
case_096,1,3,84194,29076,29076,2.8957,79488,0,,3,28833.8,"('A', 1.0, 16, 0.0)",1.5,1.1
case_096,1,4,84194,24798,24798,3.3952,342612,0,,13,23594.666666666664,"('A', 0.1, 64, 1.0)",1.4,0.9
case_096,1,5,84194,24798,26456,3.3952,342612,0,,13,23594.666666666664,prev_n4,1.3,0.8
case_096,2,1,84194,82910,82910,1.0155,0,0,,38,82898.33333333333,"('B', 0.1, 16, 8.0)",1.3,0.7
case_096,2,2,84194,41974,41974,2.0059,208756,0,,104,41844.6,"('B', 0.1, 64, 2.0)",0.9,0.7
case_096,2,3,84194,28880,28880,2.9153,79488,0,,42,28833.8,"('B', 1.0, 64, 0.0)",1.0,0.7
case_096,2,4,84194,22598,22598,3.7257,376716,0,,109,22542.233333333334,"('B', 1.0, 64, 0.0)",1.3,0.7
case_096,2,5,84194,18223,18223,4.6202,338516,0,,173,17098.86666666667,"('B', 0.1, 64, 8.0)",1.2,0.7
case_096,3,1,84194,82910,82910,1.0155,0,0,0.0,38,82898.33333333333,"('C', 0.1, 16, 1.0)",1.3,1.0
case_096,3,2,84194,41755,41755,2.0164,202612,0,0.27052692530399536,100,41695.86666666667,"('C', 0.1, 64, 4.0)",1.2,0.7
case_096,3,3,84194,28880,28880,2.9153,79488,0,0.08349324240374394,42,28833.8,"('C', 1.0, 64, 0.0)",1.2,0.9
case_096,3,4,84194,22488,22488,3.744,548652,0,0.36512636319027414,117,22338.266666666663,"('C', 0.25, 16, 8.0)",1.3,0.8
case_096,3,5,84194,18039,18039,4.6673,461732,0,0.37123398483173253,174,16950.36666666667,"('C', 0.1, 64, 4.0)",1.5,0.8
case_097,1,1,11491509,11491509,11491509,1.0,10584064,10584064,,1,10309623.04916656,"('A', 0.25, 16, 2.0)",7.5,0.0
case_097,1,2,11491509,5161740,5161740,2.2263,14483456,0,,16,5167791.200000014,"('A', 0.1, 16, 2.0, 8)",7.2,4.5
case_097,1,3,11491509,3550037,3550037,3.237,18604032,180224,,12,3545658.622883223,"('A', 0.1, 16, 2.0, 4)",8.2,12.9
case_097,1,4,11491509,2591900,2591900,4.4336,19595264,0,,32,2610078.1333333445,"('A', 0.1, 16, 2.0, 8)",8.2,3.3
case_097,1,5,11491509,2103633,2103633,5.4627,23900160,45056,,19,2123772.986627991,"('A', 0.1, 16, 2.0, 4)",9.7,8.8
case_097,2,1,11491509,11491509,11491509,1.0,10584064,10584064,,64,10309623.04916656,"('B', 0.1, 16, 8.0)",5.8,6.1
case_097,2,2,11491509,5617602,5617602,2.0456,11796480,9240576,,64,5171453.454394589,"('B', 0.1, 16, 8.0)",5.7,4.5
case_097,2,3,11491509,3634563,3634563,3.1617,15192064,7098368,,64,3556124.7377715777,"('B', 0.1, 64, 2.0)",6.1,4.3
case_097,2,4,11491509,2626908,2626908,4.3745,14221312,6553600,,64,2619447.7958989847,"('B', 0.1, 16, 8.0)",6.3,5.5
case_097,2,5,11491509,2102948,2102948,5.4645,20471808,4284416,,64,2137491.268941209,"('B', 0.1, 64, 2.0)",5.9,5.0
case_097,3,1,11491509,11491509,11491509,1.0,10584064,10584064,0.0,64,10309623.04916656,"('C', 0.1, 64, 4.0)",5.2,6.5
case_097,3,2,11491509,5617602,5617602,2.0456,11796480,9240576,0.0,64,5169957.489295006,"('C', 0.1, 64, 4.0)",4.9,5.2
case_097,3,3,11491509,3634512,3657578,3.1618,15192064,7098368,0.246367656348705,64,3556124.7377715777,p2_plan,7.3,8.7
case_097,3,4,11491509,2626908,2626908,4.3745,14221312,6553600,0.041666666666666664,64,2598864.316691414,"('C', 0.1, 64, 4.0)",6.9,3.8
case_097,3,5,11491509,2102723,2115134,5.4651,20471808,4284416,0.3771116263663465,64,2137491.268941209,p2_plan,7.4,9.9
case_098,1,1,177430,177430,177430,1.0,0,0,,1,177220.09999999998,"('A', 0.1, 64, 1.0)",1.5,0.0
case_098,1,2,177430,91883,91883,1.931,786548,0,,7,91659.06666666668,"('A', 0.1, 64, 1.0)",1.5,0.9
case_098,1,3,177430,76909,76909,2.307,778360,0,,10,73827.73333333334,"('A', 0.1, 64, 1.0)",1.6,1.2
case_098,1,4,177430,73184,73184,2.4244,2506912,0,,59,62826.40000000004,"('A', 0.25, 16, 2.0, 16)",1.7,1.0
case_098,1,5,177430,64914,64914,2.7333,2244832,0,,74,54139.73333333334,"('A', 0.25, 16, 2.0, 16)",2.0,1.5
case_098,2,1,177430,177430,177430,1.0,0,0,,1,177429.43333333332,single,1.7,0.9
case_098,2,2,177430,91720,91720,1.9345,557184,32768,,136,91317.21577396507,"('B', 0.1, 64, 2.0)",1.0,0.8
case_098,2,3,177430,62173,62173,2.8538,577736,32768,,189,61850.28531946792,"('B', 0.1, 64, 2.0)",0.8,0.8
case_098,2,4,177430,49074,49074,3.6156,897318,0,,223,48226.9,"('B', 0.1, 64, 2.0)",1.2,0.8
case_098,2,5,177430,40509,40509,4.38,930116,0,,256,38157.8,"('B', 0.1, 64, 2.0)",0.8,0.8
case_098,3,1,177430,177430,177430,1.0,0,0,0.0,1,177429.43333333332,single,1.1,0.6
case_098,3,2,177430,91720,91814,1.9345,557184,32768,0.07275540573611955,136,91317.21577396507,p2_plan,1.1,1.7
case_098,3,3,177430,61557,61557,2.8824,790724,0,0.17158976094689626,186,61015.03333333333,"('C', 0.1, 64, 4.0)",0.9,0.9
case_098,3,4,177430,48573,48573,3.6529,831814,0,0.18372032725025317,222,48139.03333333333,"('C', 0.1, 64, 4.0)",1.1,0.9
case_098,3,5,177430,40359,40359,4.3963,930116,0,0.13427751079904976,256,38157.8,p2_plan,1.3,1.4
case_099,1,1,1622999,1605161,1605161,1.0111,7958528,512000,,8,1601330.5922110914,"('A', 0.1, 16, 2.0, 8)",5.2,5.1
case_099,1,2,1622999,804620,804620,2.0171,11501568,0,,16,804251.5333333334,"('A', 0.1, 16, 2.0, 8)",5.5,5.9
case_099,1,3,1622999,540321,540321,3.0038,11583488,81920,,12,539281.0620324032,"('A', 0.1, 16, 2.0, 4)",5.5,8.1
case_099,1,4,1622999,414314,414314,3.9173,15863808,0,,32,409250.53333333327,"('A', 0.1, 16, 2.0, 8)",6.6,5.6
case_099,1,5,1622999,356356,356356,4.5544,13897728,0,,20,330957.9,"('A', 0.1, 16, 2.0, 4)",8.0,15.5
case_099,2,1,1622999,1617640,1617640,1.0033,4952064,4952064,,42,1605107.534737381,"('B', 0.1, 16, 8.0)",6.5,4.3
case_099,2,2,1622999,812474,812474,1.9976,6250496,4407296,,104,817514.8334340384,"('B', 0.1, 16, 8.0)",5.0,3.4
case_099,2,3,1622999,542110,542110,2.9939,6791168,3670016,,192,561596.2680396031,"('B', 0.1, 16, 8.0)",5.3,2.9
case_099,2,4,1622999,418644,418644,3.8768,6430720,2584576,,195,429056.62647839007,"('B', 0.1, 16, 8.0)",6.1,5.1
case_099,2,5,1622999,332082,332082,4.8873,6492160,1847296,,196,348642.93034417636,"('B', 0.1, 16, 8.0)",6.1,2.9
case_099,3,1,1622999,1616383,1616383,1.0041,4952064,4952064,0.26702233165760403,42,1605107.534737381,"('C', 0.1, 64, 4.0)",6.5,4.7
case_099,3,2,1622999,812410,812410,1.9978,6496256,4653056,0.4018937997902078,104,816518.1775465978,"('C', 0.25, 16, 8.0)",6.0,3.7
case_099,3,3,1622999,540894,547798,3.0006,6791168,3670016,0.4256417295813315,192,561596.2680396031,p2_plan,6.5,6.3
case_099,3,4,1622999,418243,418243,3.8805,8458240,3678208,0.5116333232410275,195,428926.353419038,"('C', 0.25, 16, 8.0)",6.1,3.7
case_099,3,5,1622999,331383,340567,4.8977,6492160,1847296,0.39708426695408006,196,348642.93034417636,p2_plan,6.0,5.8
case_100,1,1,151223,151223,151223,1.0,0,0,,1,139295.09999999998,"('A', 1.0, 16, 2.0)",1.9,0.0
case_100,1,2,151223,79488,79488,1.9025,460836,0,,4,71657.06666666668,"('A', 0.1, 64, 1.0)",1.5,1.3
case_100,1,3,151223,58079,58079,2.6037,460836,0,,6,52745.26666666667,"('A', 1.0, 64, 8.0)",1.6,1.0
case_100,1,4,151223,54992,54992,2.7499,533028,0,,8,52745.26666666667,"('A', 1.0, 64, 8.0)",1.8,1.0
case_100,1,5,151223,54992,58039,2.7499,533028,0,,8,52745.26666666667,prev_n4,1.4,1.4
case_100,2,1,151223,139297,139297,1.0856,0,0,,24,139295.09999999998,"('B', 1.0, 64, 0.0)",1.2,0.7
case_100,2,2,151223,72946,72946,2.0731,16896,0,,37,73162.56666666667,"('B', 1.0, 64, 0.0)",1.3,0.6
case_100,2,3,151223,47917,47917,3.1559,804504,0,,141,43221.36666666667,"('B', 0.1, 64, 2.0)",1.2,0.9
case_100,2,4,151223,40842,40842,3.7026,1038524,73728,,167,37631.54662901059,"('B', 0.1, 64, 2.0)",1.4,0.9
case_100,2,5,151223,37450,37450,4.038,1102284,81920,,170,33695.09083070586,"('B', 0.1, 64, 8.0)",1.3,1.0
case_100,3,1,151223,139297,139297,1.0856,0,0,0.0,24,139295.09999999998,"('C', 1.0, 64, 0.0)",1.5,1.0
case_100,3,2,151223,72946,72946,2.0731,16896,0,0.037306083876865195,37,73162.56666666667,"('C', 1.0, 64, 0.0)",1.3,0.7
case_100,3,3,151223,47463,47463,3.1861,927896,0,0.2644336409842033,140,43194.727999999996,"('C', 0.1, 64, 2.0)",1.5,0.8
case_100,3,4,151223,40074,40074,3.7736,1243832,81920,0.30118393214478456,167,37617.221838877114,"('C', 0.1, 64, 2.0)",1.4,0.8
case_100,3,5,151223,36794,36794,4.11,1353036,40960,0.2977551796065803,173,32309.044128426587,"('C', 0.1, 64, 2.0)",1.7,0.9
